#
# A fatal error has been detected by the Java Runtime Environment:
#
#  EXCEPTION_ACCESS_VIOLATION (0xc0000005) at pc=0x00007ff85dd06587, pid=11788, tid=7144
#
# JRE version: Java(TM) SE Runtime Environment (24.0.2+12) (build 24.0.2+12-54)
# Java VM: Java HotSpot(TM) 64-Bit Server VM (24.0.2+12-54, mixed mode, sharing, tiered, compressed oops, compressed class ptrs, g1 gc, windows-amd64)
# Problematic frame:
# C  [glass.dll+0x26587]
#
# No core dump will be written. Minidumps are not enabled by default on client versions of Windows
#
# If you would like to submit a bug report, please visit:
#   https://bugreport.java.com/bugreport/crash.jsp
#

---------------  S U M M A R Y ------------

Command Line: -javaagent:C:\Program Files\JetBrains\IntelliJ IDEA Community Edition 2025.2.1\lib\idea_rt.jar=63983 -Dfile.encoding=UTF-8 -Dsun.stdout.encoding=UTF-8 -Dsun.stderr.encoding=UTF-8 com.pi.grafos.Main

Host: Intel(R) Core(TM) i7-8565U CPU @ 1.80GHz, 8 cores, 7G,  Windows 11 , 64 bit Build 26100 (10.0.26100.7309)
Time: Sat Dec  6 12:44:27 2025 Hora oficial do Brasil elapsed time: 779.205316 seconds (0d 0h 12m 59s)

---------------  T H R E A D  ---------------

Current thread (0x00000130b4b526d0):  VMThread "VM Thread"          [id=7144, stack(0x00000028a8700000,0x00000028a8800000) (1024K)]

Stack: [0x00000028a8700000,0x00000028a8800000],  sp=0x00000028a87fefe0,  free space=1019k
Native frames: (J=compiled Java code, j=interpreted, Vv=VM code, C=native code)
C  [glass.dll+0x26587]  (no source info available)
C  [ucrtbase.dll+0x4bc75]  (no source info available)
C  [ucrtbase.dll+0x4b897]  (no source info available)
C  [ucrtbase.dll+0x4b84d]  (no source info available)
C  [glass.dll+0x23d5d]  (no source info available)
C  [glass.dll+0x23e82]  (no source info available)
C  [ntdll.dll+0x15f87e]  (no source info available)
C  [ntdll.dll+0xbcae]  (no source info available)
C  [ntdll.dll+0x8d4af]  (no source info available)
C  [ntdll.dll+0x8c67e]  (no source info available)
C  [KERNEL32.DLL+0x418ab]  (no source info available)
C  [ucrtbase.dll+0xa0093]  (no source info available)
V  [jvm.dll+0x72928c]  (no source info available)
V  [jvm.dll+0x728dc0]  (no source info available)
V  [jvm.dll+0x41b344]  (no source info available)
V  [jvm.dll+0x8e29c2]  (no source info available)
V  [jvm.dll+0x8e3d0c]  (no source info available)
V  [jvm.dll+0x8e4278]  (no source info available)
V  [jvm.dll+0x8e4513]  (no source info available)
V  [jvm.dll+0x87d9eb]  (no source info available)
V  [jvm.dll+0x72ef45]  (no source info available)
C  [ucrtbase.dll+0x37b0]  (no source info available)
C  [KERNEL32.DLL+0x2e8d7]  (no source info available)
C  [ntdll.dll+0x8c53c]  (no source info available)


siginfo: EXCEPTION_ACCESS_VIOLATION (0xc0000005), reading address 0x0000000000000000


Registers:
RAX=0x0000000000000000, RBX=0x00000130b4b6186a, RCX=0x00000130b4b526d0, RDX=0x00000028a87fefe0
RSP=0x00000028a87fefe0, RBP=0x0000085fd1e85e3d, RSI=0x00000130fb028bf8, RDI=0x00000130fb028bd0
R8 =0x0000000000010002, R9 =0x0000085fd1e85e3d, R10=0x0000013095720000, R11=0x00000028a87ff0c8
R12=0x0000000000000001, R13=0x00007ff85dd03ed0, R14=0x00000028a87ff0e8, R15=0x00000130fb028bd0
RIP=0x00007ff85dd06587, EFLAGS=0x0000000000010206

XMM[0]=0x0000000000000000 0x0000000000000000
XMM[1]=0x0000000000000000 0x0000000000000000
XMM[2]=0x0000000000000000 0x0000000000000000
XMM[3]=0x0000000000000000 0x0000000000000000
XMM[4]=0x0000000000000000 0x0000000000000000
XMM[5]=0x0000000000000000 0x0000000000000000
XMM[6]=0x0000000000000000 0x0000000000000000
XMM[7]=0x0000000000000000 0x404e000000000000
XMM[8]=0x0000000000000000 0x0000000000000000
XMM[9]=0x0000000000000000 0x0000000000000000
XMM[10]=0x0000000000000000 0x0000000000000000
XMM[11]=0x0000000000000000 0x0000000000000000
XMM[12]=0x0000000000000000 0x0000000000000000
XMM[13]=0x0000000000000000 0x0000000000000000
XMM[14]=0x0000000000000000 0x0000000000000000
XMM[15]=0x0000000000000000 0x0000000000000000
  MXCSR=0x00001fa0


Register to memory mapping:

RAX=0x0 is null
RBX=0x00000130b4b6186a is a global jni handle
RCX=0x00000130b4b526d0 points into unknown readable memory: 0x00007ff824a47c38 | 38 7c a4 24 f8 7f 00 00
RDX=0x00000028a87fefe0 points into unknown readable memory: 0x0000000000000000 | 00 00 00 00 00 00 00 00
RSP=0x00000028a87fefe0 points into unknown readable memory: 0x0000000000000000 | 00 00 00 00 00 00 00 00
RBP=0x0000085fd1e85e3d is an unknown value
RSI=0x00000130fb028bf8 points into unknown readable memory: 0x0000085fd1e85e3d | 3d 5e e8 d1 5f 08 00 00
RDI=0x00000130fb028bd0 points into unknown readable memory: 0x000007a0da525900 | 00 59 52 da a0 07 00 00
R8 =0x0000000000010002 is an unknown value
R9 =0x0000085fd1e85e3d is an unknown value
R10=0x0000013095720000 points into unknown readable memory: 0x0000000000000000 | 00 00 00 00 00 00 00 00
R11=0x00000028a87ff0c8 points into unknown readable memory: 0x00007ff85dd03d5d | 5d 3d d0 5d f8 7f 00 00
R12=0x0000000000000001 is an unknown value
R13=0x00007ff85dd03ed0 glass.dll
R14=0x00000028a87ff0e8 points into unknown readable memory: 0x00000028a87ff0d0 | d0 f0 7f a8 28 00 00 00
R15=0x00000130fb028bd0 points into unknown readable memory: 0x000007a0da525900 | 00 59 52 da a0 07 00 00

Top of Stack: (sp=0x00000028a87fefe0)
0x00000028a87fefe0:   0000000000000000 0000013000000000   ............0...
0x00000028a87feff0:   00000130faff9d10 0000000000000001   ....0...........
0x00000028a87ff000:   00000130fb028bd8 00007ff88e31bc75   ....0...u.1.....
0x00000028a87ff010:   00000130fb028bd0 0000013000000000   ....0.......0...
0x00000028a87ff020:   00000130fb028bf0 0000085fd1e85e3d   ....0...=^.._...
0x00000028a87ff030:   fffffffffffffffe 00007ff864400000   ..........@d....
0x00000028a87ff040:   00007ff85dce0000 00007ff85dce0000   ...].......]....
0x00000028a87ff050:   00000028a87ff0d8 00007ff88e31b897   ....(.....1.....
0x00000028a87ff060:   00000028a87ff000 00000028a87ff0e8   ....(.......(...
0x00000028a87ff070:   00000028a87ff3d0 00007ff88e4088c0   ....(.....@.....
0x00000028a87ff080:   0000000000000001 00007ff88e31b84d   ........M.1.....
0x00000028a87ff090:   0000000000000000 0000000000000001   ................
0x00000028a87ff0a0:   00007ff86e61e730 00000028a87ff0d8   0.an........(...
0x00000028a87ff0b0:   fffffffffffffffe 00000028a87ff0a0   ............(...
0x00000028a87ff0c0:   0000000000000000 00007ff85dd03d5d   ........]=.]....
0x00000028a87ff0d0:   00007ff85dd1a008 0000000000000002   ...]............
0x00000028a87ff0e0:   00007ff800000002 00000028a87ff0d0   ............(...
0x00000028a87ff0f0:   0000000000000000 00007ff88b060000   ................
0x00000028a87ff100:   0000000000000000 00007ff85dd03e82   .........>.]....
0x00000028a87ff110:   0000000000000001 000000007ffe0385   ................
0x00000028a87ff120:   0000000000000001 00007ff890b4a6af   ................
0x00000028a87ff130:   00000130b4b4bf70 0000000000000012   p...0...........
0x00000028a87ff140:   0000000000000001 0000000000000000   ................
0x00000028a87ff150:   0000000000000000 000000007ffe0384   ................
0x00000028a87ff160:   00000130fade11d0 00007ff890c9f87e   ....0...~.......
0x00000028a87ff170:   00007ff85dce0000 0000013000000000   ...]........0...
0x00000028a87ff180:   0000000000000001 000000007ffe0385   ................
0x00000028a87ff190:   00007ff85dd075a0 00007ff890b4bcae   .u.]............
0x00000028a87ff1a0:   0000000000000000 0000000000000000   ................
0x00000028a87ff1b0:   0000000000000000 0000000000000000   ................
0x00000028a87ff1c0:   0000000000000000 0000000000000000   ................
0x00000028a87ff1d0:   0000000000000000 0000000000000000   ................

Instructions: (pc=0x00007ff85dd06587)
  0x00007ff85dd06487:   8b 4d 58 e8 8d cf ff ff 48 8b 4d 60 e8 84 cf ff
  0x00007ff85dd06497:   ff 48 8b 95 80 00 00 00 48 8b 8d 18 01 00 00 e8
  0x00007ff85dd064a7:   76 c4 ff ff 33 d2 33 c9 e8 cc e1 ff ff 90 48 89
  0x00007ff85dd064b7:   54 24 10 55 48 83 ec 20 48 8b ea 48 b8 00 00 00
  0x00007ff85dd064c7:   00 00 00 00 00 48 83 c4 20 5d c3 cc 40 55 48 8b
  0x00007ff85dd064d7:   ea 48 8b 01 33 c9 81 38 05 00 00 c0 0f 94 c1 8b
  0x00007ff85dd064e7:   c1 5d c3 cc 40 55 48 83 ec 20 48 8b ea 8a 4d 40
  0x00007ff85dd064f7:   48 83 c4 20 5d e9 73 d3 ff ff cc 40 55 48 83 ec
  0x00007ff85dd06507:   20 48 8b ea 8a 4d 20 e8 61 d3 ff ff 90 48 83 c4
  0x00007ff85dd06517:   20 5d c3 cc 40 55 48 83 ec 20 48 8b ea 48 83 c4
  0x00007ff85dd06527:   20 5d e9 c2 d1 ff ff cc 40 55 48 83 ec 30 48 8b
  0x00007ff85dd06537:   ea 48 8b 01 8b 10 48 89 4c 24 28 89 54 24 20 4c
  0x00007ff85dd06547:   8d 0d 63 d6 ff ff 4c 8b 45 70 8b 55 68 48 8b 4d
  0x00007ff85dd06557:   60 e8 03 d1 ff ff 90 48 83 c4 30 5d c3 cc cc cc
  0x00007ff85dd06567:   cc cc cc cc cc cc cc cc cc 40 53 48 83 ec 20 48
  0x00007ff85dd06577:   8b 1d 8b 34 01 00 48 85 db 74 16 e8 89 8f ff ff
=>0x00007ff85dd06587:   4c 8b 00 48 8b d3 48 8b c8 41 ff 90 b0 00 00 00
  0x00007ff85dd06597:   90 48 83 c4 20 5b c3 cc cc 40 53 48 83 ec 20 48
  0x00007ff85dd065a7:   8b 1d fb 35 01 00 48 85 db 74 57 b8 ff ff ff ff
  0x00007ff85dd065b7:   f0 0f c1 43 10 83 f8 01 75 3d 48 85 db 74 38 48
  0x00007ff85dd065c7:   8b 0b 48 85 c9 74 0d ff 15 d4 0c 00 00 48 c7 03
  0x00007ff85dd065d7:   00 00 00 00 48 8b 4b 08 48 85 c9 74 0d e8 33 ce
  0x00007ff85dd065e7:   ff ff 48 c7 43 08 00 00 00 00 ba 18 00 00 00 48
  0x00007ff85dd065f7:   8b cb e8 1e ce ff ff 48 c7 05 9f 35 01 00 00 00
  0x00007ff85dd06607:   00 00 48 83 c4 20 5b c3 cc 40 53 48 83 ec 20 48
  0x00007ff85dd06617:   8b 1d 6b 35 01 00 48 85 db 74 57 b8 ff ff ff ff
  0x00007ff85dd06627:   f0 0f c1 43 10 83 f8 01 75 3d 48 85 db 74 38 48
  0x00007ff85dd06637:   8b 0b 48 85 c9 74 0d ff 15 64 0c 00 00 48 c7 03
  0x00007ff85dd06647:   00 00 00 00 48 8b 4b 08 48 85 c9 74 0d e8 c3 cd
  0x00007ff85dd06657:   ff ff 48 c7 43 08 00 00 00 00 ba 18 00 00 00 48
  0x00007ff85dd06667:   8b cb e8 ae cd ff ff 48 c7 05 0f 35 01 00 00 00
  0x00007ff85dd06677:   00 00 48 83 c4 20 5b c3 cc 40 53 48 83 ec 20 48


Stack slot to memory mapping:

stack at sp + 0 slots: 0x0 is null
stack at sp + 1 slots: 0x0000013000000000 is an unknown value
stack at sp + 2 slots: 0x00000130faff9d10 points into unknown readable memory: 0x00000130faffa310 | 10 a3 ff fa 30 01 00 00
stack at sp + 3 slots: 0x0000000000000001 is an unknown value
stack at sp + 4 slots: 0x00000130fb028bd8 points into unknown readable memory: 0x0000085fd1e85e3d | 3d 5e e8 d1 5f 08 00 00
stack at sp + 5 slots: 0x00007ff88e31bc75 ucrtbase.dll
stack at sp + 6 slots: 0x00000130fb028bd0 points into unknown readable memory: 0x000007a0da525900 | 00 59 52 da a0 07 00 00
stack at sp + 7 slots: 0x0000013000000000 is an unknown value

VM_Operation (0x00000028a90feef0): Exit, mode: safepoint, requested by thread 0x00000130fa7afdc0


---------------  P R O C E S S  ---------------

Threads class SMR info:
_java_thread_list=0x0000013082a34ee0, length=25, elements={
0x000001309579d020, 0x00000130b4b645d0, 0x00000130b4b64e10, 0x00000130b4b6b8c0,
0x00000130b4b6c3f0, 0x00000130b4b6e230, 0x00000130b4b701a0, 0x00000130b4b97b80,
0x00000130b4b99a10, 0x00000130b4d988d0, 0x00000130b4f28be0, 0x00000130b4e833a0,
0x00000130fa197d40, 0x00000130fabffc40, 0x00000130facfb6f0, 0x00000130fad079c0,
0x00000130fae04db0, 0x00000130fb01c9e0, 0x00000130fb045dc0, 0x00000130fb044080,
0x00000130834eb110, 0x00000130834ec700, 0x00000130834eeb90, 0x00000130fa7b0c60,
0x00000130fa7afdc0
}

Java Threads: ( => current thread )
  0x000001309579d020 JavaThread "main"                              [_thread_blocked, id=15172, stack(0x00000028a8000000,0x00000028a8100000) (1024K)]
  0x00000130b4b645d0 JavaThread "Reference Handler"          daemon [_thread_blocked, id=14164, stack(0x00000028a8800000,0x00000028a8900000) (1024K)]
  0x00000130b4b64e10 JavaThread "Finalizer"                  daemon [_thread_blocked, id=13492, stack(0x00000028a8900000,0x00000028a8a00000) (1024K)]
  0x00000130b4b6b8c0 JavaThread "Signal Dispatcher"          daemon [_thread_blocked, id=3368, stack(0x00000028a8a00000,0x00000028a8b00000) (1024K)]
  0x00000130b4b6c3f0 JavaThread "Attach Listener"            daemon [_thread_blocked, id=2780, stack(0x00000028a8b00000,0x00000028a8c00000) (1024K)]
  0x00000130b4b6e230 JavaThread "Service Thread"             daemon [_thread_blocked, id=3780, stack(0x00000028a8c00000,0x00000028a8d00000) (1024K)]
  0x00000130b4b701a0 JavaThread "Monitor Deflation Thread"   daemon [_thread_blocked, id=16012, stack(0x00000028a8d00000,0x00000028a8e00000) (1024K)]
  0x00000130b4b97b80 JavaThread "C2 CompilerThread0"         daemon [_thread_blocked, id=10892, stack(0x00000028a8e00000,0x00000028a8f00000) (1024K)]
  0x00000130b4b99a10 JavaThread "C1 CompilerThread0"         daemon [_thread_blocked, id=13500, stack(0x00000028a8f00000,0x00000028a9000000) (1024K)]
  0x00000130b4d988d0 JavaThread "Common-Cleaner"             daemon [_thread_blocked, id=8452, stack(0x00000028a9100000,0x00000028a9200000) (1024K)]
  0x00000130b4f28be0 JavaThread "Monitor Ctrl-Break"         daemon [_thread_in_native, id=4608, stack(0x00000028a9300000,0x00000028a9400000) (1024K)]
  0x00000130b4e833a0 JavaThread "Notification Thread"        daemon [_thread_blocked, id=5884, stack(0x00000028a9400000,0x00000028a9500000) (1024K)]
  0x00000130fa197d40 JavaThread "JavaFX-Launcher"                   [_thread_blocked, id=1640, stack(0x00000028a9200000,0x00000028a9300000) (1024K)]
  0x00000130fabffc40 JavaThread "RMI TCP Accept-0"           daemon [_thread_in_native, id=11912, stack(0x00000028a9600000,0x00000028a9700000) (1024K)]
  0x00000130facfb6f0 JavaThread "RMI Scheduler(0)"           daemon [_thread_blocked, id=15700, stack(0x00000028a9700000,0x00000028a9800000) (1024K)]
  0x00000130fad079c0 JavaThread "JMX server connection timeout 32" daemon [_thread_blocked, id=9204, stack(0x00000028a9800000,0x00000028a9900000) (1024K)]
  0x00000130fae04db0 JavaThread "QuantumRenderer-0"          daemon [_thread_blocked, id=7300, stack(0x00000028a9900000,0x00000028a9a00000) (1024K)]
  0x00000130fb01c9e0 JavaThread "InvokeLaterDispatcher"      daemon [_thread_blocked, id=8200, stack(0x00000028a9a00000,0x00000028a9b00000) (1024K)]
  0x00000130fb045dc0 JavaThread "JavaFX Application Thread"         [_thread_in_native, id=10324, stack(0x00000028a9b00000,0x00000028a9c00000) (1024K)]
  0x00000130fb044080 JavaThread "Thread-2"                   daemon [_thread_in_native, id=13400, stack(0x00000028a9f00000,0x00000028aa000000) (1024K)]
  0x00000130834eb110 JavaThread "PostgreSQL-JDBC-Cleaner"    daemon [_thread_blocked, id=7212, stack(0x00000028aa800000,0x00000028aa900000) (1024K)]
  0x00000130834ec700 JavaThread "Prism Font Disposer"        daemon [_thread_blocked, id=15784, stack(0x00000028aab00000,0x00000028aac00000) (1024K)]
  0x00000130834eeb90 JavaThread "Cleaner-0"                  daemon [_thread_blocked, id=6392, stack(0x00000028aaf00000,0x00000028ab000000) (1024K)]
  0x00000130fa7b0c60 JavaThread "RMI TCP Connection(2)-192.168.1.71" daemon [_thread_in_native, id=992, stack(0x00000028a7e00000,0x00000028a7f00000) (1024K)]
  0x00000130fa7afdc0 JavaThread "SIGINT handler"             daemon [_thread_blocked, id=10248, stack(0x00000028a9000000,0x00000028a9100000) (1024K)]
Total: 25

Other Threads:
=>0x00000130b4b526d0 VMThread "VM Thread"                           [id=7144, stack(0x00000028a8700000,0x00000028a8800000) (1024K)]
  0x0000013097c6ce60 WorkerThread "GC Thread#0"                     [id=4812, stack(0x00000028a8100000,0x00000028a8200000) (1024K)]
  0x00000130fb2a7670 WorkerThread "GC Thread#1"                     [id=1648, stack(0x00000028aa000000,0x00000028aa100000) (1024K)]
  0x00000130fb50d020 WorkerThread "GC Thread#2"                     [id=3384, stack(0x00000028aa100000,0x00000028aa200000) (1024K)]
  0x00000130fb4199b0 WorkerThread "GC Thread#3"                     [id=748, stack(0x00000028aa200000,0x00000028aa300000) (1024K)]
  0x00000130fb41a870 WorkerThread "GC Thread#4"                     [id=11932, stack(0x00000028aa300000,0x00000028aa400000) (1024K)]
  0x00000130fb419600 WorkerThread "GC Thread#5"                     [id=5684, stack(0x00000028aa400000,0x00000028aa500000) (1024K)]
  0x00000130fb41a110 WorkerThread "GC Thread#6"                     [id=13316, stack(0x00000028aa500000,0x00000028aa600000) (1024K)]
  0x00000130fb419d60 WorkerThread "GC Thread#7"                     [id=3860, stack(0x00000028aa600000,0x00000028aa700000) (1024K)]
  0x0000013097c81a00 ConcurrentGCThread "G1 Main Marker"            terminated
  0x0000013097c83400 WorkerThread "G1 Conc#0"                       [id=10020, stack(0x00000028a8300000,0x00000028a8400000) (1024K)]
  0x00000130fedd1f80 WorkerThread "G1 Conc#1"                       [id=11448, stack(0x00000028aa700000,0x00000028aa800000) (1024K)]
  0x00000130b4a10570 ConcurrentGCThread "G1 Refine#0"               terminated
  0x00000130b4a10f00 ConcurrentGCThread "G1 Service"                terminated
Total: 14

Threads with active compile tasks:
Total: 0

VM state: at safepoint (shutting down)

VM Mutex/Monitor currently owned by a thread:  ([mutex/lock_event])
[0x00007ff824c24270] ThreadsLockThrottle_lock - owner thread: 0x00000130b4b6b8c0
[0x00007ff824c244f0] Threads_lock - owner thread: 0x00000130b4b526d0
[0x00007ff824c245f0] Heap_lock - owner thread: 0x00000130fa7afdc0

Heap address: 0x0000000081e00000, size: 2018 MB, Compressed Oops mode: 32-bit

CDS archive(s) mapped at: [0x00000130b5000000-0x00000130b5d40000-0x00000130b5d40000), size 13893632, SharedBaseAddress: 0x00000130b5000000, ArchiveRelocationMode: 1.
Compressed class space mapped at: 0x00000130b6000000-0x00000130f6000000, reserved size: 1073741824
UseCompressedClassPointers 1, UseCompactObjectHeaders 0
Narrow klass pointer bits 32, Max shift 3
Narrow klass base: 0x00000130b5000000, Narrow klass shift: 0
Encoding Range: [0x00000130b5000000 - 0x00000131b5000000), (4294967296 bytes)
Klass Range:    [0x00000130b5000000 - 0x00000130f6000000), (1090519040 bytes)
Klass ID Range:  [8 - 1090519033) (1090519025)

GC Precious Log:
 CardTable entry size: 512
 Card Set container configuration: InlinePtr #cards 5 size 8 Array Of Cards #cards 10 size 36 Howl #buckets 4 coarsen threshold 1843 Howl Bitmap #cards 512 size 80 coarsen threshold 460 Card regions per heap region 1 cards per card region 2048
 CPUs: 8 total, 8 available
 Memory: 8067M
 Large Page Support: Disabled
 NUMA Support: Disabled
 Compressed Oops: Enabled (32-bit)
 Heap Region Size: 1M
 Heap Min Capacity: 8M
 Heap Initial Capacity: 128M
 Heap Max Capacity: 2018M
 Pre-touch: Disabled
 Parallel Workers: 8
 Concurrent Workers: 2
 Concurrent Refinement Workers: 8
 Periodic GC: Disabled

Heap:
 garbage-first heap   total reserved 2066432K, committed 249856K, used 144776K [0x0000000081e00000, 0x0000000100000000)
  region size 1024K, 43 young (44032K), 9 survivors (9216K)
 Metaspace       used 82317K, committed 83072K, reserved 1179648K
  class space    used 9833K, committed 10176K, reserved 1048576K

Heap Regions: E=young(eden), S=young(survivor), O=old, HS=humongous(starts), HC=humongous(continues), CS=collection set, F=free, TAMS=top-at-mark-start, PB=parsable bottom
|   0|0x0000000081e00000, 0x0000000081f00000, 0x0000000081f00000|100%|HS|  |TAMS 0x0000000081e00000| PB 0x0000000081e00000| Complete |  0
|   1|0x0000000081f00000, 0x0000000082000000, 0x0000000082000000|100%|HS|  |TAMS 0x0000000081f00000| PB 0x0000000081f00000| Complete |  0
|   2|0x0000000082000000, 0x0000000082100000, 0x0000000082100000|100%| O|  |TAMS 0x0000000082000000| PB 0x0000000082000000| Untracked |  0
|   3|0x0000000082100000, 0x0000000082200000, 0x0000000082200000|100%| O|  |TAMS 0x0000000082100000| PB 0x0000000082100000| Untracked |  0
|   4|0x0000000082200000, 0x0000000082300000, 0x0000000082300000|100%| O|  |TAMS 0x0000000082200000| PB 0x0000000082200000| Untracked |  0
|   5|0x0000000082300000, 0x0000000082400000, 0x0000000082400000|100%| O|  |TAMS 0x0000000082300000| PB 0x0000000082300000| Untracked |  0
|   6|0x0000000082400000, 0x0000000082500000, 0x0000000082500000|100%| O|  |TAMS 0x0000000082400000| PB 0x0000000082400000| Untracked |  1
|   7|0x0000000082500000, 0x0000000082600000, 0x0000000082600000|100%| O|  |TAMS 0x0000000082500000| PB 0x0000000082500000| Untracked |  0
|   8|0x0000000082600000, 0x0000000082700000, 0x0000000082700000|100%| O|  |TAMS 0x0000000082600000| PB 0x0000000082600000| Untracked |  0
|   9|0x0000000082700000, 0x0000000082800000, 0x0000000082800000|100%| O|  |TAMS 0x0000000082700000| PB 0x0000000082700000| Untracked |  0
|  10|0x0000000082800000, 0x0000000082900000, 0x0000000082900000|100%| O|  |TAMS 0x0000000082800000| PB 0x0000000082800000| Untracked |  0
|  11|0x0000000082900000, 0x0000000082a00000, 0x0000000082a00000|100%| O|  |TAMS 0x0000000082900000| PB 0x0000000082900000| Untracked |  0
|  12|0x0000000082a00000, 0x0000000082b00000, 0x0000000082b00000|100%| O|  |TAMS 0x0000000082a00000| PB 0x0000000082a00000| Untracked |  0
|  13|0x0000000082b00000, 0x0000000082c00000, 0x0000000082c00000|100%| O|  |TAMS 0x0000000082b00000| PB 0x0000000082b00000| Untracked |  0
|  14|0x0000000082c00000, 0x0000000082d00000, 0x0000000082d00000|100%| O|  |TAMS 0x0000000082c00000| PB 0x0000000082c00000| Untracked |  0
|  15|0x0000000082d00000, 0x0000000082e00000, 0x0000000082e00000|100%| O|  |TAMS 0x0000000082d00000| PB 0x0000000082d00000| Untracked |  0
|  16|0x0000000082e00000, 0x0000000082f00000, 0x0000000082f00000|100%| O|  |TAMS 0x0000000082e00000| PB 0x0000000082e00000| Untracked |  0
|  17|0x0000000082f00000, 0x0000000083000000, 0x0000000083000000|100%| O|  |TAMS 0x0000000082f00000| PB 0x0000000082f00000| Untracked |  0
|  18|0x0000000083000000, 0x0000000083100000, 0x0000000083100000|100%| O|  |TAMS 0x0000000083000000| PB 0x0000000083000000| Untracked |  0
|  19|0x0000000083100000, 0x0000000083200000, 0x0000000083200000|100%| O|  |TAMS 0x0000000083100000| PB 0x0000000083100000| Untracked |  0
|  20|0x0000000083200000, 0x0000000083300000, 0x0000000083300000|100%| O|  |TAMS 0x0000000083200000| PB 0x0000000083200000| Untracked |  0
|  21|0x0000000083300000, 0x0000000083400000, 0x0000000083400000|100%| O|  |TAMS 0x0000000083300000| PB 0x0000000083300000| Untracked |  0
|  22|0x0000000083400000, 0x0000000083500000, 0x0000000083500000|100%| O|  |TAMS 0x0000000083400000| PB 0x0000000083400000| Untracked |  0
|  23|0x0000000083500000, 0x0000000083600000, 0x0000000083600000|100%| O|  |TAMS 0x0000000083500000| PB 0x0000000083500000| Untracked |  0
|  24|0x0000000083600000, 0x0000000083700000, 0x0000000083700000|100%| O|  |TAMS 0x0000000083600000| PB 0x0000000083600000| Untracked |  0
|  25|0x0000000083700000, 0x0000000083800000, 0x0000000083800000|100%| O|  |TAMS 0x0000000083700000| PB 0x0000000083700000| Untracked |  0
|  26|0x0000000083800000, 0x0000000083900000, 0x0000000083900000|100%| O|  |TAMS 0x0000000083800000| PB 0x0000000083800000| Untracked |  0
|  27|0x0000000083900000, 0x0000000083a00000, 0x0000000083a00000|100%| O|  |TAMS 0x0000000083900000| PB 0x0000000083900000| Untracked |  0
|  28|0x0000000083a00000, 0x0000000083b00000, 0x0000000083b00000|100%| O|  |TAMS 0x0000000083a00000| PB 0x0000000083a00000| Untracked |  0
|  29|0x0000000083b00000, 0x0000000083c00000, 0x0000000083c00000|100%| O|  |TAMS 0x0000000083b00000| PB 0x0000000083b00000| Untracked |  0
|  30|0x0000000083c00000, 0x0000000083d00000, 0x0000000083d00000|100%| O|  |TAMS 0x0000000083c00000| PB 0x0000000083c00000| Untracked |  0
|  31|0x0000000083d00000, 0x0000000083e00000, 0x0000000083e00000|100%| O|  |TAMS 0x0000000083d00000| PB 0x0000000083d00000| Untracked |  0
|  32|0x0000000083e00000, 0x0000000083f00000, 0x0000000083f00000|100%| O|  |TAMS 0x0000000083e00000| PB 0x0000000083e00000| Untracked |  0
|  33|0x0000000083f00000, 0x0000000084000000, 0x0000000084000000|100%|HS|  |TAMS 0x0000000083f00000| PB 0x0000000083f00000| Complete |  0
|  34|0x0000000084000000, 0x0000000084100000, 0x0000000084100000|100%|HC|  |TAMS 0x0000000084000000| PB 0x0000000084000000| Complete |  0
|  35|0x0000000084100000, 0x0000000084200000, 0x0000000084200000|100%| O|  |TAMS 0x0000000084100000| PB 0x0000000084100000| Untracked |  0
|  36|0x0000000084200000, 0x0000000084300000, 0x0000000084300000|100%| O|  |TAMS 0x0000000084200000| PB 0x0000000084200000| Untracked |  0
|  37|0x0000000084300000, 0x000000008432ad50, 0x0000000084400000| 16%| O|  |TAMS 0x0000000084300000| PB 0x0000000084300000| Untracked |  0
|  38|0x0000000084400000, 0x0000000084400000, 0x0000000084500000|  0%| F|  |TAMS 0x0000000084400000| PB 0x0000000084400000| Untracked |  0
|  39|0x0000000084500000, 0x0000000084500000, 0x0000000084600000|  0%| F|  |TAMS 0x0000000084500000| PB 0x0000000084500000| Untracked |  0
|  40|0x0000000084600000, 0x0000000084600000, 0x0000000084700000|  0%| F|  |TAMS 0x0000000084600000| PB 0x0000000084600000| Untracked |  0
|  41|0x0000000084700000, 0x0000000084800000, 0x0000000084800000|100%|HS|  |TAMS 0x0000000084700000| PB 0x0000000084700000| Complete |  0
|  42|0x0000000084800000, 0x0000000084900000, 0x0000000084900000|100%|HC|  |TAMS 0x0000000084800000| PB 0x0000000084800000| Complete |  0
|  43|0x0000000084900000, 0x0000000084a00000, 0x0000000084a00000|100%|HC|  |TAMS 0x0000000084900000| PB 0x0000000084900000| Complete |  0
|  44|0x0000000084a00000, 0x0000000084b00000, 0x0000000084b00000|100%|HC|  |TAMS 0x0000000084a00000| PB 0x0000000084a00000| Complete |  0
|  45|0x0000000084b00000, 0x0000000084c00000, 0x0000000084c00000|100%|HC|  |TAMS 0x0000000084b00000| PB 0x0000000084b00000| Complete |  0
|  46|0x0000000084c00000, 0x0000000084d00000, 0x0000000084d00000|100%|HC|  |TAMS 0x0000000084c00000| PB 0x0000000084c00000| Complete |  0
|  47|0x0000000084d00000, 0x0000000084e00000, 0x0000000084e00000|100%|HC|  |TAMS 0x0000000084d00000| PB 0x0000000084d00000| Complete |  0
|  48|0x0000000084e00000, 0x0000000084f00000, 0x0000000084f00000|100%|HS|  |TAMS 0x0000000084e00000| PB 0x0000000084e00000| Complete |  0
|  49|0x0000000084f00000, 0x0000000085000000, 0x0000000085000000|100%|HC|  |TAMS 0x0000000084f00000| PB 0x0000000084f00000| Complete |  0
|  50|0x0000000085000000, 0x0000000085100000, 0x0000000085100000|100%|HC|  |TAMS 0x0000000085000000| PB 0x0000000085000000| Complete |  0
|  51|0x0000000085100000, 0x0000000085200000, 0x0000000085200000|100%|HC|  |TAMS 0x0000000085100000| PB 0x0000000085100000| Complete |  0
|  52|0x0000000085200000, 0x0000000085300000, 0x0000000085300000|100%|HC|  |TAMS 0x0000000085200000| PB 0x0000000085200000| Complete |  0
|  53|0x0000000085300000, 0x0000000085400000, 0x0000000085400000|100%|HC|  |TAMS 0x0000000085300000| PB 0x0000000085300000| Complete |  0
|  54|0x0000000085400000, 0x0000000085500000, 0x0000000085500000|100%|HC|  |TAMS 0x0000000085400000| PB 0x0000000085400000| Complete |  0
|  55|0x0000000085500000, 0x0000000085600000, 0x0000000085600000|100%|HC|  |TAMS 0x0000000085500000| PB 0x0000000085500000| Complete |  0
|  56|0x0000000085600000, 0x0000000085700000, 0x0000000085700000|100%|HC|  |TAMS 0x0000000085600000| PB 0x0000000085600000| Complete |  0
|  57|0x0000000085700000, 0x0000000085800000, 0x0000000085800000|100%|HC|  |TAMS 0x0000000085700000| PB 0x0000000085700000| Complete |  0
|  58|0x0000000085800000, 0x0000000085900000, 0x0000000085900000|100%|HC|  |TAMS 0x0000000085800000| PB 0x0000000085800000| Complete |  0
|  59|0x0000000085900000, 0x0000000085a00000, 0x0000000085a00000|100%|HC|  |TAMS 0x0000000085900000| PB 0x0000000085900000| Complete |  0
|  60|0x0000000085a00000, 0x0000000085b00000, 0x0000000085b00000|100%|HC|  |TAMS 0x0000000085a00000| PB 0x0000000085a00000| Complete |  0
|  61|0x0000000085b00000, 0x0000000085c00000, 0x0000000085c00000|100%|HC|  |TAMS 0x0000000085b00000| PB 0x0000000085b00000| Complete |  0
|  62|0x0000000085c00000, 0x0000000085d00000, 0x0000000085d00000|100%|HC|  |TAMS 0x0000000085c00000| PB 0x0000000085c00000| Complete |  0
|  63|0x0000000085d00000, 0x0000000085e00000, 0x0000000085e00000|100%|HC|  |TAMS 0x0000000085d00000| PB 0x0000000085d00000| Complete |  0
|  64|0x0000000085e00000, 0x0000000085f00000, 0x0000000085f00000|100%|HC|  |TAMS 0x0000000085e00000| PB 0x0000000085e00000| Complete |  0
|  65|0x0000000085f00000, 0x0000000086000000, 0x0000000086000000|100%|HC|  |TAMS 0x0000000085f00000| PB 0x0000000085f00000| Complete |  0
|  66|0x0000000086000000, 0x0000000086100000, 0x0000000086100000|100%|HC|  |TAMS 0x0000000086000000| PB 0x0000000086000000| Complete |  0
|  67|0x0000000086100000, 0x0000000086200000, 0x0000000086200000|100%|HC|  |TAMS 0x0000000086100000| PB 0x0000000086100000| Complete |  0
|  68|0x0000000086200000, 0x0000000086300000, 0x0000000086300000|100%|HC|  |TAMS 0x0000000086200000| PB 0x0000000086200000| Complete |  0
|  69|0x0000000086300000, 0x0000000086400000, 0x0000000086400000|100%|HC|  |TAMS 0x0000000086300000| PB 0x0000000086300000| Complete |  0
|  70|0x0000000086400000, 0x0000000086500000, 0x0000000086500000|100%|HC|  |TAMS 0x0000000086400000| PB 0x0000000086400000| Complete |  0
|  71|0x0000000086500000, 0x0000000086600000, 0x0000000086600000|100%|HC|  |TAMS 0x0000000086500000| PB 0x0000000086500000| Complete |  0
|  72|0x0000000086600000, 0x0000000086700000, 0x0000000086700000|100%|HC|  |TAMS 0x0000000086600000| PB 0x0000000086600000| Complete |  0
|  73|0x0000000086700000, 0x0000000086800000, 0x0000000086800000|100%|HC|  |TAMS 0x0000000086700000| PB 0x0000000086700000| Complete |  0
|  74|0x0000000086800000, 0x0000000086900000, 0x0000000086900000|100%|HC|  |TAMS 0x0000000086800000| PB 0x0000000086800000| Complete |  0
|  75|0x0000000086900000, 0x0000000086a00000, 0x0000000086a00000|100%|HC|  |TAMS 0x0000000086900000| PB 0x0000000086900000| Complete |  0
|  76|0x0000000086a00000, 0x0000000086b00000, 0x0000000086b00000|100%|HC|  |TAMS 0x0000000086a00000| PB 0x0000000086a00000| Complete |  0
|  77|0x0000000086b00000, 0x0000000086c00000, 0x0000000086c00000|100%|HC|  |TAMS 0x0000000086b00000| PB 0x0000000086b00000| Complete |  0
|  78|0x0000000086c00000, 0x0000000086d00000, 0x0000000086d00000|100%|HC|  |TAMS 0x0000000086c00000| PB 0x0000000086c00000| Complete |  0
|  79|0x0000000086d00000, 0x0000000086e00000, 0x0000000086e00000|100%|HC|  |TAMS 0x0000000086d00000| PB 0x0000000086d00000| Complete |  0
|  80|0x0000000086e00000, 0x0000000086f00000, 0x0000000086f00000|100%|HC|  |TAMS 0x0000000086e00000| PB 0x0000000086e00000| Complete |  0
|  81|0x0000000086f00000, 0x0000000087000000, 0x0000000087000000|100%|HC|  |TAMS 0x0000000086f00000| PB 0x0000000086f00000| Complete |  0
|  82|0x0000000087000000, 0x0000000087100000, 0x0000000087100000|100%|HC|  |TAMS 0x0000000087000000| PB 0x0000000087000000| Complete |  0
|  83|0x0000000087100000, 0x0000000087200000, 0x0000000087200000|100%|HC|  |TAMS 0x0000000087100000| PB 0x0000000087100000| Complete |  0
|  84|0x0000000087200000, 0x0000000087300000, 0x0000000087300000|100%|HC|  |TAMS 0x0000000087200000| PB 0x0000000087200000| Complete |  0
|  85|0x0000000087300000, 0x0000000087400000, 0x0000000087400000|100%|HC|  |TAMS 0x0000000087300000| PB 0x0000000087300000| Complete |  0
|  86|0x0000000087400000, 0x0000000087500000, 0x0000000087500000|100%|HC|  |TAMS 0x0000000087400000| PB 0x0000000087400000| Complete |  0
|  87|0x0000000087500000, 0x0000000087600000, 0x0000000087600000|100%|HC|  |TAMS 0x0000000087500000| PB 0x0000000087500000| Complete |  0
|  88|0x0000000087600000, 0x0000000087700000, 0x0000000087700000|100%|HC|  |TAMS 0x0000000087600000| PB 0x0000000087600000| Complete |  0
|  89|0x0000000087700000, 0x0000000087800000, 0x0000000087800000|100%|HC|  |TAMS 0x0000000087700000| PB 0x0000000087700000| Complete |  0
|  90|0x0000000087800000, 0x0000000087900000, 0x0000000087900000|100%|HC|  |TAMS 0x0000000087800000| PB 0x0000000087800000| Complete |  0
|  91|0x0000000087900000, 0x0000000087a00000, 0x0000000087a00000|100%|HC|  |TAMS 0x0000000087900000| PB 0x0000000087900000| Complete |  0
|  92|0x0000000087a00000, 0x0000000087b00000, 0x0000000087b00000|100%|HC|  |TAMS 0x0000000087a00000| PB 0x0000000087a00000| Complete |  0
|  93|0x0000000087b00000, 0x0000000087c00000, 0x0000000087c00000|100%|HC|  |TAMS 0x0000000087b00000| PB 0x0000000087b00000| Complete |  0
|  94|0x0000000087c00000, 0x0000000087d00000, 0x0000000087d00000|100%|HC|  |TAMS 0x0000000087c00000| PB 0x0000000087c00000| Complete |  0
|  95|0x0000000087d00000, 0x0000000087e00000, 0x0000000087e00000|100%|HC|  |TAMS 0x0000000087d00000| PB 0x0000000087d00000| Complete |  0
|  96|0x0000000087e00000, 0x0000000087f00000, 0x0000000087f00000|100%|HC|  |TAMS 0x0000000087e00000| PB 0x0000000087e00000| Complete |  0
|  97|0x0000000087f00000, 0x0000000088000000, 0x0000000088000000|100%|HC|  |TAMS 0x0000000087f00000| PB 0x0000000087f00000| Complete |  0
|  98|0x0000000088000000, 0x0000000088100000, 0x0000000088100000|100%|HC|  |TAMS 0x0000000088000000| PB 0x0000000088000000| Complete |  0
|  99|0x0000000088100000, 0x0000000088200000, 0x0000000088200000|100%|HC|  |TAMS 0x0000000088100000| PB 0x0000000088100000| Complete |  0
| 100|0x0000000088200000, 0x0000000088300000, 0x0000000088300000|100%| O|  |TAMS 0x0000000088200000| PB 0x0000000088200000| Untracked |  0
| 101|0x0000000088300000, 0x0000000088400000, 0x0000000088400000|100%| O|  |TAMS 0x0000000088300000| PB 0x0000000088300000| Untracked |  0
| 102|0x0000000088400000, 0x0000000088500000, 0x0000000088500000|100%| O|  |TAMS 0x0000000088400000| PB 0x0000000088400000| Untracked |  0
| 103|0x0000000088500000, 0x0000000088500000, 0x0000000088600000|  0%| F|  |TAMS 0x0000000088500000| PB 0x0000000088500000| Untracked |  0
| 104|0x0000000088600000, 0x0000000088600000, 0x0000000088700000|  0%| F|  |TAMS 0x0000000088600000| PB 0x0000000088600000| Untracked |  0
| 105|0x0000000088700000, 0x0000000088700000, 0x0000000088800000|  0%| F|  |TAMS 0x0000000088700000| PB 0x0000000088700000| Untracked |  0
| 106|0x0000000088800000, 0x0000000088800000, 0x0000000088900000|  0%| F|  |TAMS 0x0000000088800000| PB 0x0000000088800000| Untracked |  0
| 107|0x0000000088900000, 0x0000000088900000, 0x0000000088a00000|  0%| F|  |TAMS 0x0000000088900000| PB 0x0000000088900000| Untracked |  0
| 108|0x0000000088a00000, 0x0000000088a00000, 0x0000000088b00000|  0%| F|  |TAMS 0x0000000088a00000| PB 0x0000000088a00000| Untracked |  0
| 109|0x0000000088b00000, 0x0000000088b00000, 0x0000000088c00000|  0%| F|  |TAMS 0x0000000088b00000| PB 0x0000000088b00000| Untracked |  0
| 110|0x0000000088c00000, 0x0000000088c00000, 0x0000000088d00000|  0%| F|  |TAMS 0x0000000088c00000| PB 0x0000000088c00000| Untracked |  0
| 111|0x0000000088d00000, 0x0000000088d00000, 0x0000000088e00000|  0%| F|  |TAMS 0x0000000088d00000| PB 0x0000000088d00000| Untracked |  0
| 112|0x0000000088e00000, 0x0000000088e00000, 0x0000000088f00000|  0%| F|  |TAMS 0x0000000088e00000| PB 0x0000000088e00000| Untracked |  0
| 113|0x0000000088f00000, 0x0000000088f00000, 0x0000000089000000|  0%| F|  |TAMS 0x0000000088f00000| PB 0x0000000088f00000| Untracked |  0
| 114|0x0000000089000000, 0x0000000089000000, 0x0000000089100000|  0%| F|  |TAMS 0x0000000089000000| PB 0x0000000089000000| Untracked |  0
| 115|0x0000000089100000, 0x0000000089100000, 0x0000000089200000|  0%| F|  |TAMS 0x0000000089100000| PB 0x0000000089100000| Untracked |  0
| 116|0x0000000089200000, 0x0000000089200000, 0x0000000089300000|  0%| F|  |TAMS 0x0000000089200000| PB 0x0000000089200000| Untracked |  0
| 117|0x0000000089300000, 0x0000000089300000, 0x0000000089400000|  0%| F|  |TAMS 0x0000000089300000| PB 0x0000000089300000| Untracked |  0
| 118|0x0000000089400000, 0x0000000089400000, 0x0000000089500000|  0%| F|  |TAMS 0x0000000089400000| PB 0x0000000089400000| Untracked |  0
| 119|0x0000000089500000, 0x0000000089500000, 0x0000000089600000|  0%| F|  |TAMS 0x0000000089500000| PB 0x0000000089500000| Untracked |  0
| 120|0x0000000089600000, 0x0000000089600000, 0x0000000089700000|  0%| F|  |TAMS 0x0000000089600000| PB 0x0000000089600000| Untracked |  0
| 121|0x0000000089700000, 0x0000000089700000, 0x0000000089800000|  0%| F|  |TAMS 0x0000000089700000| PB 0x0000000089700000| Untracked |  0
| 122|0x0000000089800000, 0x0000000089800000, 0x0000000089900000|  0%| F|  |TAMS 0x0000000089800000| PB 0x0000000089800000| Untracked |  0
| 123|0x0000000089900000, 0x0000000089900000, 0x0000000089a00000|  0%| F|  |TAMS 0x0000000089900000| PB 0x0000000089900000| Untracked |  0
| 124|0x0000000089a00000, 0x0000000089a00000, 0x0000000089b00000|  0%| F|  |TAMS 0x0000000089a00000| PB 0x0000000089a00000| Untracked |  0
| 125|0x0000000089b00000, 0x0000000089b00000, 0x0000000089c00000|  0%| F|  |TAMS 0x0000000089b00000| PB 0x0000000089b00000| Untracked |  0
| 126|0x0000000089c00000, 0x0000000089c00000, 0x0000000089d00000|  0%| F|  |TAMS 0x0000000089c00000| PB 0x0000000089c00000| Untracked |  0
| 127|0x0000000089d00000, 0x0000000089d00000, 0x0000000089e00000|  0%| F|  |TAMS 0x0000000089d00000| PB 0x0000000089d00000| Untracked |  0
| 128|0x0000000089e00000, 0x0000000089e00000, 0x0000000089f00000|  0%| F|  |TAMS 0x0000000089e00000| PB 0x0000000089e00000| Untracked |  0
| 129|0x0000000089f00000, 0x0000000089f00000, 0x000000008a000000|  0%| F|  |TAMS 0x0000000089f00000| PB 0x0000000089f00000| Untracked |  0
| 130|0x000000008a000000, 0x000000008a000000, 0x000000008a100000|  0%| F|  |TAMS 0x000000008a000000| PB 0x000000008a000000| Untracked |  0
| 131|0x000000008a100000, 0x000000008a100000, 0x000000008a200000|  0%| F|  |TAMS 0x000000008a100000| PB 0x000000008a100000| Untracked |  0
| 132|0x000000008a200000, 0x000000008a200000, 0x000000008a300000|  0%| F|  |TAMS 0x000000008a200000| PB 0x000000008a200000| Untracked |  0
| 133|0x000000008a300000, 0x000000008a300000, 0x000000008a400000|  0%| F|  |TAMS 0x000000008a300000| PB 0x000000008a300000| Untracked |  0
| 134|0x000000008a400000, 0x000000008a400000, 0x000000008a500000|  0%| F|  |TAMS 0x000000008a400000| PB 0x000000008a400000| Untracked |  0
| 135|0x000000008a500000, 0x000000008a500000, 0x000000008a600000|  0%| F|  |TAMS 0x000000008a500000| PB 0x000000008a500000| Untracked |  0
| 136|0x000000008a600000, 0x000000008a600000, 0x000000008a700000|  0%| F|  |TAMS 0x000000008a600000| PB 0x000000008a600000| Untracked |  0
| 137|0x000000008a700000, 0x000000008a700000, 0x000000008a800000|  0%| F|  |TAMS 0x000000008a700000| PB 0x000000008a700000| Untracked |  0
| 138|0x000000008a800000, 0x000000008a800000, 0x000000008a900000|  0%| F|  |TAMS 0x000000008a800000| PB 0x000000008a800000| Untracked |  0
| 139|0x000000008a900000, 0x000000008a900000, 0x000000008aa00000|  0%| F|  |TAMS 0x000000008a900000| PB 0x000000008a900000| Untracked |  0
| 140|0x000000008aa00000, 0x000000008aa00000, 0x000000008ab00000|  0%| F|  |TAMS 0x000000008aa00000| PB 0x000000008aa00000| Untracked |  0
| 141|0x000000008ab00000, 0x000000008ab00000, 0x000000008ac00000|  0%| F|  |TAMS 0x000000008ab00000| PB 0x000000008ab00000| Untracked |  0
| 142|0x000000008ac00000, 0x000000008ac37378, 0x000000008ad00000| 21%| S|CS|TAMS 0x000000008ac00000| PB 0x000000008ac00000| Complete |  0
| 143|0x000000008ad00000, 0x000000008ae00000, 0x000000008ae00000|100%| S|CS|TAMS 0x000000008ad00000| PB 0x000000008ad00000| Complete |  0
| 144|0x000000008ae00000, 0x000000008af00000, 0x000000008af00000|100%| S|CS|TAMS 0x000000008ae00000| PB 0x000000008ae00000| Complete |  0
| 145|0x000000008af00000, 0x000000008b000000, 0x000000008b000000|100%| S|CS|TAMS 0x000000008af00000| PB 0x000000008af00000| Complete |  0
| 146|0x000000008b000000, 0x000000008b100000, 0x000000008b100000|100%| S|CS|TAMS 0x000000008b000000| PB 0x000000008b000000| Complete |  0
| 147|0x000000008b100000, 0x000000008b200000, 0x000000008b200000|100%| S|CS|TAMS 0x000000008b100000| PB 0x000000008b100000| Complete |  0
| 148|0x000000008b200000, 0x000000008b200000, 0x000000008b300000|  0%| F|  |TAMS 0x000000008b200000| PB 0x000000008b200000| Untracked |  0
| 149|0x000000008b300000, 0x000000008b300000, 0x000000008b400000|  0%| F|  |TAMS 0x000000008b300000| PB 0x000000008b300000| Untracked |  0
| 150|0x000000008b400000, 0x000000008b400000, 0x000000008b500000|  0%| F|  |TAMS 0x000000008b400000| PB 0x000000008b400000| Untracked |  0
| 151|0x000000008b500000, 0x000000008b500000, 0x000000008b600000|  0%| F|  |TAMS 0x000000008b500000| PB 0x000000008b500000| Untracked |  0
| 152|0x000000008b600000, 0x000000008b600000, 0x000000008b700000|  0%| F|  |TAMS 0x000000008b600000| PB 0x000000008b600000| Untracked |  0
| 153|0x000000008b700000, 0x000000008b700000, 0x000000008b800000|  0%| F|  |TAMS 0x000000008b700000| PB 0x000000008b700000| Untracked |  0
| 154|0x000000008b800000, 0x000000008b800000, 0x000000008b900000|  0%| F|  |TAMS 0x000000008b800000| PB 0x000000008b800000| Untracked |  0
| 155|0x000000008b900000, 0x000000008b900000, 0x000000008ba00000|  0%| F|  |TAMS 0x000000008b900000| PB 0x000000008b900000| Untracked |  0
| 156|0x000000008ba00000, 0x000000008ba00000, 0x000000008bb00000|  0%| F|  |TAMS 0x000000008ba00000| PB 0x000000008ba00000| Untracked |  0
| 157|0x000000008bb00000, 0x000000008bc00000, 0x000000008bc00000|100%| S|CS|TAMS 0x000000008bb00000| PB 0x000000008bb00000| Complete |  0
| 158|0x000000008bc00000, 0x000000008bd00000, 0x000000008bd00000|100%| S|CS|TAMS 0x000000008bc00000| PB 0x000000008bc00000| Complete |  0
| 159|0x000000008bd00000, 0x000000008be00000, 0x000000008be00000|100%| S|CS|TAMS 0x000000008bd00000| PB 0x000000008bd00000| Complete |  0
| 160|0x000000008be00000, 0x000000008be00000, 0x000000008bf00000|  0%| F|  |TAMS 0x000000008be00000| PB 0x000000008be00000| Untracked |  0
| 161|0x000000008bf00000, 0x000000008bf00000, 0x000000008c000000|  0%| F|  |TAMS 0x000000008bf00000| PB 0x000000008bf00000| Untracked |  0
| 162|0x000000008c000000, 0x000000008c000000, 0x000000008c100000|  0%| F|  |TAMS 0x000000008c000000| PB 0x000000008c000000| Untracked |  0
| 163|0x000000008c100000, 0x000000008c100000, 0x000000008c200000|  0%| F|  |TAMS 0x000000008c100000| PB 0x000000008c100000| Untracked |  0
| 164|0x000000008c200000, 0x000000008c200000, 0x000000008c300000|  0%| F|  |TAMS 0x000000008c200000| PB 0x000000008c200000| Untracked |  0
| 165|0x000000008c300000, 0x000000008c300000, 0x000000008c400000|  0%| F|  |TAMS 0x000000008c300000| PB 0x000000008c300000| Untracked |  0
| 166|0x000000008c400000, 0x000000008c400000, 0x000000008c500000|  0%| F|  |TAMS 0x000000008c400000| PB 0x000000008c400000| Untracked |  0
| 167|0x000000008c500000, 0x000000008c500000, 0x000000008c600000|  0%| F|  |TAMS 0x000000008c500000| PB 0x000000008c500000| Untracked |  0
| 168|0x000000008c600000, 0x000000008c600000, 0x000000008c700000|  0%| F|  |TAMS 0x000000008c600000| PB 0x000000008c600000| Untracked |  0
| 169|0x000000008c700000, 0x000000008c700000, 0x000000008c800000|  0%| F|  |TAMS 0x000000008c700000| PB 0x000000008c700000| Untracked |  0
| 170|0x000000008c800000, 0x000000008c800000, 0x000000008c900000|  0%| F|  |TAMS 0x000000008c800000| PB 0x000000008c800000| Untracked |  0
| 171|0x000000008c900000, 0x000000008c900000, 0x000000008ca00000|  0%| F|  |TAMS 0x000000008c900000| PB 0x000000008c900000| Untracked |  0
| 172|0x000000008ca00000, 0x000000008ca00000, 0x000000008cb00000|  0%| F|  |TAMS 0x000000008ca00000| PB 0x000000008ca00000| Untracked |  0
| 173|0x000000008cb00000, 0x000000008cb00000, 0x000000008cc00000|  0%| F|  |TAMS 0x000000008cb00000| PB 0x000000008cb00000| Untracked |  0
| 174|0x000000008cc00000, 0x000000008cc00000, 0x000000008cd00000|  0%| F|  |TAMS 0x000000008cc00000| PB 0x000000008cc00000| Untracked |  0
| 175|0x000000008cd00000, 0x000000008cd00000, 0x000000008ce00000|  0%| F|  |TAMS 0x000000008cd00000| PB 0x000000008cd00000| Untracked |  0
| 176|0x000000008ce00000, 0x000000008ce00000, 0x000000008cf00000|  0%| F|  |TAMS 0x000000008ce00000| PB 0x000000008ce00000| Untracked |  0
| 177|0x000000008cf00000, 0x000000008cf00000, 0x000000008d000000|  0%| F|  |TAMS 0x000000008cf00000| PB 0x000000008cf00000| Untracked |  0
| 178|0x000000008d000000, 0x000000008d000000, 0x000000008d100000|  0%| F|  |TAMS 0x000000008d000000| PB 0x000000008d000000| Untracked |  0
| 179|0x000000008d100000, 0x000000008d100000, 0x000000008d200000|  0%| F|  |TAMS 0x000000008d100000| PB 0x000000008d100000| Untracked |  0
| 180|0x000000008d200000, 0x000000008d200000, 0x000000008d300000|  0%| F|  |TAMS 0x000000008d200000| PB 0x000000008d200000| Untracked |  0
| 181|0x000000008d300000, 0x000000008d300000, 0x000000008d400000|  0%| F|  |TAMS 0x000000008d300000| PB 0x000000008d300000| Untracked |  0
| 182|0x000000008d400000, 0x000000008d400000, 0x000000008d500000|  0%| F|  |TAMS 0x000000008d400000| PB 0x000000008d400000| Untracked |  0
| 183|0x000000008d500000, 0x000000008d500000, 0x000000008d600000|  0%| F|  |TAMS 0x000000008d500000| PB 0x000000008d500000| Untracked |  0
| 184|0x000000008d600000, 0x000000008d600000, 0x000000008d700000|  0%| F|  |TAMS 0x000000008d600000| PB 0x000000008d600000| Untracked |  0
| 185|0x000000008d700000, 0x000000008d700000, 0x000000008d800000|  0%| F|  |TAMS 0x000000008d700000| PB 0x000000008d700000| Untracked |  0
| 186|0x000000008d800000, 0x000000008d800000, 0x000000008d900000|  0%| F|  |TAMS 0x000000008d800000| PB 0x000000008d800000| Untracked |  0
| 187|0x000000008d900000, 0x000000008d900000, 0x000000008da00000|  0%| F|  |TAMS 0x000000008d900000| PB 0x000000008d900000| Untracked |  0
| 188|0x000000008da00000, 0x000000008da00000, 0x000000008db00000|  0%| F|  |TAMS 0x000000008da00000| PB 0x000000008da00000| Untracked |  0
| 189|0x000000008db00000, 0x000000008db00000, 0x000000008dc00000|  0%| F|  |TAMS 0x000000008db00000| PB 0x000000008db00000| Untracked |  0
| 190|0x000000008dc00000, 0x000000008dc00000, 0x000000008dd00000|  0%| F|  |TAMS 0x000000008dc00000| PB 0x000000008dc00000| Untracked |  0
| 191|0x000000008dd00000, 0x000000008dd00000, 0x000000008de00000|  0%| F|  |TAMS 0x000000008dd00000| PB 0x000000008dd00000| Untracked |  0
| 192|0x000000008de00000, 0x000000008de00000, 0x000000008df00000|  0%| F|  |TAMS 0x000000008de00000| PB 0x000000008de00000| Untracked |  0
| 193|0x000000008df00000, 0x000000008df00000, 0x000000008e000000|  0%| F|  |TAMS 0x000000008df00000| PB 0x000000008df00000| Untracked |  0
| 194|0x000000008e000000, 0x000000008e000000, 0x000000008e100000|  0%| F|  |TAMS 0x000000008e000000| PB 0x000000008e000000| Untracked |  0
| 195|0x000000008e100000, 0x000000008e100000, 0x000000008e200000|  0%| F|  |TAMS 0x000000008e100000| PB 0x000000008e100000| Untracked |  0
| 196|0x000000008e200000, 0x000000008e200000, 0x000000008e300000|  0%| F|  |TAMS 0x000000008e200000| PB 0x000000008e200000| Untracked |  0
| 197|0x000000008e300000, 0x000000008e300000, 0x000000008e400000|  0%| F|  |TAMS 0x000000008e300000| PB 0x000000008e300000| Untracked |  0
| 198|0x000000008e400000, 0x000000008e400000, 0x000000008e500000|  0%| F|  |TAMS 0x000000008e400000| PB 0x000000008e400000| Untracked |  0
| 199|0x000000008e500000, 0x000000008e500000, 0x000000008e600000|  0%| F|  |TAMS 0x000000008e500000| PB 0x000000008e500000| Untracked |  0
| 200|0x000000008e600000, 0x000000008e600000, 0x000000008e700000|  0%| F|  |TAMS 0x000000008e600000| PB 0x000000008e600000| Untracked |  0
| 201|0x000000008e700000, 0x000000008e700000, 0x000000008e800000|  0%| F|  |TAMS 0x000000008e700000| PB 0x000000008e700000| Untracked |  0
| 202|0x000000008e800000, 0x000000008e800000, 0x000000008e900000|  0%| F|  |TAMS 0x000000008e800000| PB 0x000000008e800000| Untracked |  0
| 203|0x000000008e900000, 0x000000008e900000, 0x000000008ea00000|  0%| F|  |TAMS 0x000000008e900000| PB 0x000000008e900000| Untracked |  0
| 204|0x000000008ea00000, 0x000000008ea00000, 0x000000008eb00000|  0%| F|  |TAMS 0x000000008ea00000| PB 0x000000008ea00000| Untracked |  0
| 205|0x000000008eb00000, 0x000000008eb00000, 0x000000008ec00000|  0%| F|  |TAMS 0x000000008eb00000| PB 0x000000008eb00000| Untracked |  0
| 206|0x000000008ec00000, 0x000000008ec00000, 0x000000008ed00000|  0%| F|  |TAMS 0x000000008ec00000| PB 0x000000008ec00000| Untracked |  0
| 207|0x000000008ed00000, 0x000000008ed00000, 0x000000008ee00000|  0%| F|  |TAMS 0x000000008ed00000| PB 0x000000008ed00000| Untracked |  0
| 208|0x000000008ee00000, 0x000000008ee00000, 0x000000008ef00000|  0%| F|  |TAMS 0x000000008ee00000| PB 0x000000008ee00000| Untracked |  0
| 209|0x000000008ef00000, 0x000000008efab0e0, 0x000000008f000000| 66%| E|  |TAMS 0x000000008ef00000| PB 0x000000008ef00000| Complete |  0
| 210|0x000000008f000000, 0x000000008f100000, 0x000000008f100000|100%| E|CS|TAMS 0x000000008f000000| PB 0x000000008f000000| Complete |  0
| 211|0x000000008f100000, 0x000000008f200000, 0x000000008f200000|100%| E|CS|TAMS 0x000000008f100000| PB 0x000000008f100000| Complete |  0
| 212|0x000000008f200000, 0x000000008f300000, 0x000000008f300000|100%| E|CS|TAMS 0x000000008f200000| PB 0x000000008f200000| Complete |  0
| 213|0x000000008f300000, 0x000000008f400000, 0x000000008f400000|100%| E|CS|TAMS 0x000000008f300000| PB 0x000000008f300000| Complete |  0
| 214|0x000000008f400000, 0x000000008f500000, 0x000000008f500000|100%| E|CS|TAMS 0x000000008f400000| PB 0x000000008f400000| Complete |  0
| 215|0x000000008f500000, 0x000000008f600000, 0x000000008f600000|100%| E|CS|TAMS 0x000000008f500000| PB 0x000000008f500000| Complete |  0
| 216|0x000000008f600000, 0x000000008f700000, 0x000000008f700000|100%| E|CS|TAMS 0x000000008f600000| PB 0x000000008f600000| Complete |  0
| 217|0x000000008f700000, 0x000000008f800000, 0x000000008f800000|100%| E|CS|TAMS 0x000000008f700000| PB 0x000000008f700000| Complete |  0
| 218|0x000000008f800000, 0x000000008f900000, 0x000000008f900000|100%| E|CS|TAMS 0x000000008f800000| PB 0x000000008f800000| Complete |  0
| 219|0x000000008f900000, 0x000000008fa00000, 0x000000008fa00000|100%| E|CS|TAMS 0x000000008f900000| PB 0x000000008f900000| Complete |  0
| 220|0x000000008fa00000, 0x000000008fb00000, 0x000000008fb00000|100%| E|CS|TAMS 0x000000008fa00000| PB 0x000000008fa00000| Complete |  0
| 221|0x000000008fb00000, 0x000000008fc00000, 0x000000008fc00000|100%| E|CS|TAMS 0x000000008fb00000| PB 0x000000008fb00000| Complete |  0
| 222|0x000000008fc00000, 0x000000008fd00000, 0x000000008fd00000|100%| E|CS|TAMS 0x000000008fc00000| PB 0x000000008fc00000| Complete |  0
| 223|0x000000008fd00000, 0x000000008fe00000, 0x000000008fe00000|100%| E|CS|TAMS 0x000000008fd00000| PB 0x000000008fd00000| Complete |  0
| 224|0x000000008fe00000, 0x000000008ff00000, 0x000000008ff00000|100%| E|CS|TAMS 0x000000008fe00000| PB 0x000000008fe00000| Complete |  0
| 225|0x000000008ff00000, 0x0000000090000000, 0x0000000090000000|100%| E|CS|TAMS 0x000000008ff00000| PB 0x000000008ff00000| Complete |  0
| 226|0x0000000090000000, 0x0000000090100000, 0x0000000090100000|100%| E|CS|TAMS 0x0000000090000000| PB 0x0000000090000000| Complete |  0
| 227|0x0000000090100000, 0x0000000090200000, 0x0000000090200000|100%| E|CS|TAMS 0x0000000090100000| PB 0x0000000090100000| Complete |  0
| 228|0x0000000090200000, 0x0000000090300000, 0x0000000090300000|100%| E|CS|TAMS 0x0000000090200000| PB 0x0000000090200000| Complete |  0
| 229|0x0000000090300000, 0x0000000090400000, 0x0000000090400000|100%| E|CS|TAMS 0x0000000090300000| PB 0x0000000090300000| Complete |  0
| 230|0x0000000090400000, 0x0000000090500000, 0x0000000090500000|100%| E|CS|TAMS 0x0000000090400000| PB 0x0000000090400000| Complete |  0
| 231|0x0000000090500000, 0x0000000090600000, 0x0000000090600000|100%| E|CS|TAMS 0x0000000090500000| PB 0x0000000090500000| Complete |  0
| 232|0x0000000090600000, 0x0000000090700000, 0x0000000090700000|100%| E|CS|TAMS 0x0000000090600000| PB 0x0000000090600000| Complete |  0
| 233|0x0000000090700000, 0x0000000090800000, 0x0000000090800000|100%| E|CS|TAMS 0x0000000090700000| PB 0x0000000090700000| Complete |  0
| 234|0x0000000090800000, 0x0000000090900000, 0x0000000090900000|100%| E|CS|TAMS 0x0000000090800000| PB 0x0000000090800000| Complete |  0
| 235|0x0000000090900000, 0x0000000090a00000, 0x0000000090a00000|100%| E|CS|TAMS 0x0000000090900000| PB 0x0000000090900000| Complete |  0
| 236|0x0000000090a00000, 0x0000000090b00000, 0x0000000090b00000|100%| E|CS|TAMS 0x0000000090a00000| PB 0x0000000090a00000| Complete |  0
| 237|0x0000000090b00000, 0x0000000090c00000, 0x0000000090c00000|100%| E|CS|TAMS 0x0000000090b00000| PB 0x0000000090b00000| Complete |  0
| 238|0x0000000090c00000, 0x0000000090d00000, 0x0000000090d00000|100%| E|CS|TAMS 0x0000000090c00000| PB 0x0000000090c00000| Complete |  0
| 239|0x0000000090d00000, 0x0000000090e00000, 0x0000000090e00000|100%| E|CS|TAMS 0x0000000090d00000| PB 0x0000000090d00000| Complete |  0
| 240|0x0000000090e00000, 0x0000000090f00000, 0x0000000090f00000|100%| E|CS|TAMS 0x0000000090e00000| PB 0x0000000090e00000| Complete |  0
| 241|0x0000000090f00000, 0x0000000091000000, 0x0000000091000000|100%| E|CS|TAMS 0x0000000090f00000| PB 0x0000000090f00000| Complete |  0
|2016|0x00000000ffe00000, 0x00000000fff00000, 0x00000000fff00000|100%| O|  |TAMS 0x00000000ffe00000| PB 0x00000000ffe00000| Untracked |  0
|2017|0x00000000fff00000, 0x0000000100000000, 0x0000000100000000|100%| E|CS|TAMS 0x00000000fff00000| PB 0x00000000fff00000| Complete |  0

Card table byte_map: [0x00000130afd00000,0x00000130b0100000] _byte_map_base: 0x00000130af8f1000

Marking Bits: (CMBitMap*) 0x0000013097c6d570
 Bits: [0x00000130b0100000, 0x00000130b2088000)

Polling page: 0x0000013095a10000

Metaspace:

Usage:
  Non-class:     70.79 MB used.
      Class:      9.60 MB used.
       Both:     80.39 MB used.

Virtual space:
  Non-class space:      128.00 MB reserved,      71.19 MB ( 56%) committed,  2 nodes.
      Class space:        1.00 GB reserved,       9.94 MB ( <1%) committed,  1 nodes.
             Both:        1.12 GB reserved,      81.12 MB (  7%) committed. 

Chunk freelists:
   Non-Class:  8.34 MB
       Class:  6.10 MB
        Both:  14.44 MB

MaxMetaspaceSize: unlimited
CompressedClassSpaceSize: 1.00 GB
Initial GC threshold: 21.00 MB
Current GC threshold: 129.00 MB
CDS: on
 - commit_granule_bytes: 65536.
 - commit_granule_words: 8192.
 - virtual_space_node_default_size: 8388608.
 - enlarge_chunks_in_place: 1.
UseCompressedClassPointers 1, UseCompactObjectHeaders 0
Narrow klass pointer bits 32, Max shift 3
Narrow klass base: 0x00000130b5000000, Narrow klass shift: 0
Encoding Range: [0x00000130b5000000 - 0x00000131b5000000), (4294967296 bytes)
Klass Range:    [0x00000130b5000000 - 0x00000130f6000000), (1090519040 bytes)
Klass ID Range:  [8 - 1090519033) (1090519025)


Internal statistics:

num_allocs_failed_limit: 9.
num_arena_births: 958.
num_arena_deaths: 4.
num_vsnodes_births: 3.
num_vsnodes_deaths: 0.
num_space_committed: 1298.
num_space_uncommitted: 0.
num_chunks_returned_to_freelist: 13.
num_chunks_taken_from_freelist: 3850.
num_chunk_merges: 9.
num_chunk_splits: 2804.
num_chunks_enlarged: 2284.
num_inconsistent_stats: 0.

CodeHeap 'non-profiled nmethods': size=120064Kb used=8661Kb max_used=8661Kb free=111402Kb
 bounds [0x00000130a7f70000, 0x00000130a87f0000, 0x00000130af4b0000]
CodeHeap 'profiled nmethods': size=120000Kb used=23301Kb max_used=23301Kb free=96698Kb
 bounds [0x00000130a04b0000, 0x00000130a1b80000, 0x00000130a79e0000]
CodeHeap 'non-nmethods': size=5696Kb used=1912Kb max_used=1984Kb free=3783Kb
 bounds [0x00000130a79e0000, 0x00000130a7c50000, 0x00000130a7f70000]
CodeCache: size=245760Kb, used=33874Kb, max_used=33946Kb, free=211883Kb
 total_blobs=15106, nmethods=14038, adapters=972, full_count=0
Compilation: enabled, stopped_count=0, restarted_count=0

Compilation events (20 events):
Event: 778.830 Thread 0x00000130b4b99a10 nmethod 15363 0x00000130a1b6ea88 code [0x00000130a1b6ec40, 0x00000130a1b6f670]
Event: 778.830 Thread 0x00000130b4b99a10 15364       3       java.util.concurrent.ConcurrentHashMap::entrySet (25 bytes)
Event: 778.831 Thread 0x00000130b4b99a10 nmethod 15364 0x00000130a1b6f688 code [0x00000130a1b6f7c0, 0x00000130a1b6fb48]
Event: 778.831 Thread 0x00000130b4b99a10 15365       3       java.util.concurrent.ConcurrentHashMap$EntrySetView::iterator (34 bytes)
Event: 778.831 Thread 0x00000130b4b99a10 nmethod 15365 0x00000130a1b6fb88 code [0x00000130a1b6fcc0, 0x00000130a1b6fed8]
Event: 778.832 Thread 0x00000130b4b99a10 15366       1       org.hibernate.service.spi.ServiceBinding::getLifecycleOwner (5 bytes)
Event: 778.833 Thread 0x00000130b4b99a10 nmethod 15366 0x00000130a87e2d88 code [0x00000130a87e2e80, 0x00000130a87e2f48]
Event: 778.843 Thread 0x00000130b4b97b80 nmethod 15362 0x00000130a87e3088 code [0x00000130a87e3240, 0x00000130a87e4720]
Event: 778.843 Thread 0x00000130b4b97b80 15367       4       java.util.concurrent.ConcurrentHashMap$EntryIterator::next (5 bytes)
Event: 778.847 Thread 0x00000130b4b97b80 nmethod 15367 0x00000130a87e4788 code [0x00000130a87e48c0, 0x00000130a87e4ec0]
Event: 778.847 Thread 0x00000130b4b97b80 15368       4       java.util.concurrent.ConcurrentHashMap$EntryIterator::next (51 bytes)
Event: 778.852 Thread 0x00000130b4b97b80 nmethod 15368 0x00000130a87e4f08 code [0x00000130a87e5040, 0x00000130a87e5640]
Event: 778.852 Thread 0x00000130b4b99a10 15369       3       ch.qos.logback.classic.Logger::recursiveReset (58 bytes)
Event: 778.853 Thread 0x00000130b4b99a10 nmethod 15369 0x00000130a1b6ff08 code [0x00000130a1b700c0, 0x00000130a1b709f0]
Event: 778.853 Thread 0x00000130b4b99a10 15370       3       ch.qos.logback.classic.Logger::detachAndStopAllAppenders (15 bytes)
Event: 778.853 Thread 0x00000130b4b99a10 nmethod 15370 0x00000130a1b70a88 code [0x00000130a1b70ba0, 0x00000130a1b70d28]
Event: 778.853 Thread 0x00000130b4b99a10 15371       3       ch.qos.logback.classic.Logger::localLevelReset (30 bytes)
Event: 778.853 Thread 0x00000130b4b99a10 nmethod 15371 0x00000130a1b70d88 code [0x00000130a1b70ec0, 0x00000130a1b71178]
Event: 778.853 Thread 0x00000130b4b99a10 15372       3       ch.qos.logback.classic.Logger::isRootLogger (13 bytes)
Event: 778.853 Thread 0x00000130b4b99a10 nmethod 15372 0x00000130a1b71208 code [0x00000130a1b71320, 0x00000130a1b71478]

GC Heap History (20 events):
Event: 12.057 GC heap before
{Heap before GC invocations=15 (full 0):
 garbage-first heap   total reserved 2066432K, committed 65536K, used 58362K [0x0000000081e00000, 0x0000000100000000)
  region size 1024K, 28 young (28672K), 2 survivors (2048K)
 Metaspace       used 66878K, committed 67520K, reserved 1114112K
  class space    used 7599K, committed 7872K, reserved 1048576K
}
Event: 12.062 GC heap after
{Heap after GC invocations=16 (full 0):
 garbage-first heap   total reserved 2066432K, committed 65536K, used 33391K [0x0000000081e00000, 0x0000000100000000)
  region size 1024K, 4 young (4096K), 4 survivors (4096K)
 Metaspace       used 66878K, committed 67520K, reserved 1114112K
  class space    used 7599K, committed 7872K, reserved 1048576K
}
Event: 13.432 GC heap before
{Heap before GC invocations=17 (full 0):
 garbage-first heap   total reserved 2066432K, committed 118784K, used 109167K [0x0000000081e00000, 0x0000000100000000)
  region size 1024K, 23 young (23552K), 4 survivors (4096K)
 Metaspace       used 72358K, committed 72896K, reserved 1114112K
  class space    used 8529K, committed 8768K, reserved 1048576K
}
Event: 13.438 GC heap after
{Heap after GC invocations=18 (full 0):
 garbage-first heap   total reserved 2066432K, committed 118784K, used 92847K [0x0000000081e00000, 0x0000000100000000)
  region size 1024K, 3 young (3072K), 3 survivors (3072K)
 Metaspace       used 72358K, committed 72896K, reserved 1114112K
  class space    used 8529K, committed 8768K, reserved 1048576K
}
Event: 16.648 GC heap before
{Heap before GC invocations=18 (full 0):
 garbage-first heap   total reserved 2066432K, committed 118784K, used 109231K [0x0000000081e00000, 0x0000000100000000)
  region size 1024K, 17 young (17408K), 3 survivors (3072K)
 Metaspace       used 75479K, committed 76096K, reserved 1179648K
  class space    used 9127K, committed 9408K, reserved 1048576K
}
Event: 16.654 GC heap after
{Heap after GC invocations=19 (full 0):
 garbage-first heap   total reserved 2066432K, committed 118784K, used 95675K [0x0000000081e00000, 0x0000000100000000)
  region size 1024K, 2 young (2048K), 2 survivors (2048K)
 Metaspace       used 75479K, committed 76096K, reserved 1179648K
  class space    used 9127K, committed 9408K, reserved 1048576K
}
Event: 16.696 GC heap before
{Heap before GC invocations=19 (full 0):
 garbage-first heap   total reserved 2066432K, committed 118784K, used 95675K [0x0000000081e00000, 0x0000000100000000)
  region size 1024K, 3 young (3072K), 2 survivors (2048K)
 Metaspace       used 75480K, committed 76096K, reserved 1179648K
  class space    used 9127K, committed 9408K, reserved 1048576K
}
Event: 16.699 GC heap after
{Heap after GC invocations=20 (full 0):
 garbage-first heap   total reserved 2066432K, committed 118784K, used 96063K [0x0000000081e00000, 0x0000000100000000)
  region size 1024K, 1 young (1024K), 1 survivors (1024K)
 Metaspace       used 75480K, committed 76096K, reserved 1179648K
  class space    used 9127K, committed 9408K, reserved 1048576K
}
Event: 19.962 GC heap before
{Heap before GC invocations=21 (full 0):
 garbage-first heap   total reserved 2066432K, committed 174080K, used 166719K [0x0000000081e00000, 0x0000000100000000)
  region size 1024K, 12 young (12288K), 1 survivors (1024K)
 Metaspace       used 77257K, committed 77888K, reserved 1179648K
  class space    used 9416K, committed 9664K, reserved 1048576K
}
Event: 19.966 GC heap after
{Heap after GC invocations=22 (full 0):
 garbage-first heap   total reserved 2066432K, committed 174080K, used 157987K [0x0000000081e00000, 0x0000000100000000)
  region size 1024K, 2 young (2048K), 2 survivors (2048K)
 Metaspace       used 77257K, committed 77888K, reserved 1179648K
  class space    used 9416K, committed 9664K, reserved 1048576K
}
Event: 20.095 GC heap before
{Heap before GC invocations=22 (full 0):
 garbage-first heap   total reserved 2066432K, committed 174080K, used 164131K [0x0000000081e00000, 0x0000000100000000)
  region size 1024K, 8 young (8192K), 2 survivors (2048K)
 Metaspace       used 77917K, committed 78464K, reserved 1179648K
  class space    used 9574K, committed 9792K, reserved 1048576K
}
Event: 20.110 GC heap after
{Heap after GC invocations=23 (full 0):
 garbage-first heap   total reserved 2066432K, committed 174080K, used 158129K [0x0000000081e00000, 0x0000000100000000)
  region size 1024K, 1 young (1024K), 1 survivors (1024K)
 Metaspace       used 77917K, committed 78464K, reserved 1179648K
  class space    used 9574K, committed 9792K, reserved 1048576K
}
Event: 32.357 GC heap before
{Heap before GC invocations=23 (full 0):
 garbage-first heap   total reserved 2066432K, committed 174080K, used 165297K [0x0000000081e00000, 0x0000000100000000)
  region size 1024K, 8 young (8192K), 1 survivors (1024K)
 Metaspace       used 78580K, committed 79168K, reserved 1179648K
  class space    used 9623K, committed 9856K, reserved 1048576K
}
Event: 32.362 GC heap after
{Heap after GC invocations=24 (full 0):
 garbage-first heap   total reserved 2066432K, committed 249856K, used 159150K [0x0000000081e00000, 0x0000000100000000)
  region size 1024K, 1 young (1024K), 1 survivors (1024K)
 Metaspace       used 78580K, committed 79168K, reserved 1179648K
  class space    used 9623K, committed 9856K, reserved 1048576K
}
Event: 66.601 GC heap before
{Heap before GC invocations=25 (full 0):
 garbage-first heap   total reserved 2066432K, committed 249856K, used 163246K [0x0000000081e00000, 0x0000000100000000)
  region size 1024K, 61 young (62464K), 1 survivors (1024K)
 Metaspace       used 80411K, committed 81024K, reserved 1179648K
  class space    used 9737K, committed 9984K, reserved 1048576K
}
Event: 66.608 GC heap after
{Heap after GC invocations=26 (full 0):
 garbage-first heap   total reserved 2066432K, committed 249856K, used 106363K [0x0000000081e00000, 0x0000000100000000)
  region size 1024K, 6 young (6144K), 6 survivors (6144K)
 Metaspace       used 80411K, committed 81024K, reserved 1179648K
  class space    used 9737K, committed 9984K, reserved 1048576K
}
Event: 152.336 GC heap before
{Heap before GC invocations=26 (full 0):
 garbage-first heap   total reserved 2066432K, committed 249856K, used 188283K [0x0000000081e00000, 0x0000000100000000)
  region size 1024K, 86 young (88064K), 6 survivors (6144K)
 Metaspace       used 81561K, committed 82176K, reserved 1179648K
  class space    used 9799K, committed 10048K, reserved 1048576K
}
Event: 152.361 GC heap after
{Heap after GC invocations=27 (full 0):
 garbage-first heap   total reserved 2066432K, committed 249856K, used 108591K [0x0000000081e00000, 0x0000000100000000)
  region size 1024K, 9 young (9216K), 9 survivors (9216K)
 Metaspace       used 81561K, committed 82176K, reserved 1179648K
  class space    used 9799K, committed 10048K, reserved 1048576K
}
Event: 529.322 GC heap before
{Heap before GC invocations=27 (full 0):
 garbage-first heap   total reserved 2066432K, committed 249856K, used 193583K [0x0000000081e00000, 0x0000000100000000)
  region size 1024K, 92 young (94208K), 9 survivors (9216K)
 Metaspace       used 82102K, committed 82816K, reserved 1179648K
  class space    used 9813K, committed 10176K, reserved 1048576K
}
Event: 529.331 GC heap after
{Heap after GC invocations=28 (full 0):
 garbage-first heap   total reserved 2066432K, committed 249856K, used 110984K [0x0000000081e00000, 0x0000000100000000)
  region size 1024K, 9 young (9216K), 9 survivors (9216K)
 Metaspace       used 82102K, committed 82816K, reserved 1179648K
  class space    used 9813K, committed 10176K, reserved 1048576K
}

Dll operation events (20 events):
Event: 1.218 Loaded shared library C:\Users\User\.openjfx\cache\21+31\amd64\api-ms-win-crt-math-l1-1-0.dll
Event: 1.225 Loaded shared library C:\Users\User\.openjfx\cache\21+31\amd64\api-ms-win-crt-multibyte-l1-1-0.dll
Event: 1.238 Loaded shared library C:\Users\User\.openjfx\cache\21+31\amd64\api-ms-win-crt-private-l1-1-0.dll
Event: 1.245 Loaded shared library C:\Users\User\.openjfx\cache\21+31\amd64\api-ms-win-crt-process-l1-1-0.dll
Event: 1.253 Loaded shared library C:\Users\User\.openjfx\cache\21+31\amd64\api-ms-win-crt-runtime-l1-1-0.dll
Event: 1.262 Loaded shared library C:\Users\User\.openjfx\cache\21+31\amd64\api-ms-win-crt-stdio-l1-1-0.dll
Event: 1.269 Loaded shared library C:\Users\User\.openjfx\cache\21+31\amd64\api-ms-win-crt-string-l1-1-0.dll
Event: 1.279 Loaded shared library C:\Users\User\.openjfx\cache\21+31\amd64\api-ms-win-crt-time-l1-1-0.dll
Event: 1.288 Loaded shared library C:\Users\User\.openjfx\cache\21+31\amd64\api-ms-win-crt-utility-l1-1-0.dll
Event: 1.319 Loaded shared library C:\Users\User\.openjfx\cache\21+31\amd64\ucrtbase.dll
Event: 1.331 Loaded shared library C:\Users\User\.openjfx\cache\21+31\amd64\vcruntime140.dll
Event: 1.339 Loaded shared library C:\Users\User\.openjfx\cache\21+31\amd64\vcruntime140_1.dll
Event: 1.354 Loaded shared library C:\Users\User\.openjfx\cache\21+31\amd64\msvcp140.dll
Event: 1.361 Loaded shared library C:\Users\User\.openjfx\cache\21+31\amd64\msvcp140_1.dll
Event: 1.370 Loaded shared library C:\Users\User\.openjfx\cache\21+31\amd64\msvcp140_2.dll
Event: 1.442 Loaded shared library C:\Users\User\.openjfx\cache\21+31\amd64\prism_d3d.dll
Event: 1.518 Loaded shared library C:\Users\User\.openjfx\cache\21+31\amd64\glass.dll
Event: 1.677 Loaded shared library C:\Program Files\Java\jdk-24\bin\verify.dll
Event: 12.683 Loaded shared library C:\Users\User\.openjfx\cache\21+31\amd64\javafx_font.dll
Event: 12.897 Loaded shared library C:\Users\User\.openjfx\cache\21+31\amd64\javafx_iio.dll

Deoptimization events (20 events):
Event: 516.289 Thread 0x00000130fb045dc0 Uncommon trap: trap_request=0xffffff4d fr.pc=0x00000130a86a2714 relative=0x00000000000047d4
Event: 516.289 Thread 0x00000130fb045dc0 Uncommon trap: reason=unstable_if action=reinterpret pc=0x00000130a86a2714 method=com.sun.javafx.scene.input.PickResultChooser.toPickResult()Ljavafx/scene/input/PickResult; @ 4 c2
Event: 516.289 Thread 0x00000130fb045dc0 DEOPT PACKING pc=0x00000130a86a2714 sp=0x00000028a9bfe6e0
Event: 516.289 Thread 0x00000130fb045dc0 DEOPT UNPACKING pc=0x00000130a7af5c02 sp=0x00000028a9bfe5e0 mode 2
Event: 562.924 Thread 0x00000130fae04db0 Uncommon trap: trap_request=0xffffff4d fr.pc=0x00000130a87001ec relative=0x000000000000012c
Event: 562.924 Thread 0x00000130fae04db0 Uncommon trap: reason=unstable_if action=reinterpret pc=0x00000130a87001ec method=com.sun.prism.impl.ManagedResource.bumpAge(I)V @ 7 c2
Event: 562.924 Thread 0x00000130fae04db0 DEOPT PACKING pc=0x00000130a87001ec sp=0x00000028a99fec90
Event: 562.924 Thread 0x00000130fae04db0 DEOPT UNPACKING pc=0x00000130a7af5c02 sp=0x00000028a99feba8 mode 2
Event: 564.442 Thread 0x00000130fae04db0 Uncommon trap: trap_request=0xffffff4d fr.pc=0x00000130a869ceec relative=0x000000000000018c
Event: 564.442 Thread 0x00000130fae04db0 Uncommon trap: reason=unstable_if action=reinterpret pc=0x00000130a869ceec method=com.sun.prism.impl.ManagedResource.bumpAge(I)V @ 7 c2
Event: 564.442 Thread 0x00000130fae04db0 DEOPT PACKING pc=0x00000130a869ceec sp=0x00000028a99feda0
Event: 564.442 Thread 0x00000130fae04db0 DEOPT UNPACKING pc=0x00000130a7af5c02 sp=0x00000028a99fecd8 mode 2
Event: 778.826 Thread 0x00000130fa7ad930 Uncommon trap: trap_request=0xffffff4d fr.pc=0x00000130a84c01e8 relative=0x0000000000000248
Event: 778.826 Thread 0x00000130fa7ad930 Uncommon trap: reason=unstable_if action=reinterpret pc=0x00000130a84c01e8 method=java.util.ArrayList.remove(Ljava/lang/Object;)Z @ 14 c2
Event: 778.826 Thread 0x00000130fa7ad930 DEOPT PACKING pc=0x00000130a84c01e8 sp=0x00000028a9dff1c0
Event: 778.826 Thread 0x00000130fa7ad930 DEOPT UNPACKING pc=0x00000130a7af5c02 sp=0x00000028a9dff198 mode 2
Event: 778.826 Thread 0x00000130fae04db0 Uncommon trap: trap_request=0xffffff4d fr.pc=0x00000130a86ac190 relative=0x0000000000000490
Event: 778.826 Thread 0x00000130fae04db0 Uncommon trap: reason=unstable_if action=reinterpret pc=0x00000130a86ac190 method=java.util.concurrent.locks.AbstractQueuedSynchronizer$ConditionNode.isReleasable()Z @ 14 c2
Event: 778.826 Thread 0x00000130fae04db0 DEOPT PACKING pc=0x00000130a86ac190 sp=0x00000028a99ff080
Event: 778.826 Thread 0x00000130fae04db0 DEOPT UNPACKING pc=0x00000130a7af5c02 sp=0x00000028a99fee88 mode 2

Classes loaded (20 events):
Event: 17.595 Loading class java/lang/FdLibm$Acos
Event: 17.596 Loading class java/lang/FdLibm$Acos done
Event: 19.986 Loading class java/util/BitSet$1BitSetSpliterator
Event: 19.987 Loading class java/util/BitSet$1BitSetSpliterator done
Event: 19.989 Loading class java/util/stream/IntPipeline$1
Event: 19.990 Loading class java/util/stream/IntPipeline$1 done
Event: 19.990 Loading class java/util/stream/IntPipeline$1$1
Event: 19.990 Loading class java/util/stream/IntPipeline$1$1 done
Event: 60.629 Loading class java/lang/FdLibm$Cbrt
Event: 60.630 Loading class java/lang/FdLibm$Cbrt done
Event: 387.232 Loading class java/util/PriorityQueue
Event: 387.233 Loading class java/util/PriorityQueue done
Event: 387.235 Loading class jdk/internal/math/FormattedFPDecimal
Event: 387.237 Loading class jdk/internal/math/FormattedFPDecimal done
Event: 778.823 Loading class jdk/internal/misc/Signal$1
Event: 778.823 Loading class jdk/internal/misc/Signal$1 done
Event: 778.833 Loading class java/util/AbstractMap$2
Event: 778.833 Loading class java/util/AbstractMap$2 done
Event: 778.834 Loading class java/util/AbstractMap$ValueIterator
Event: 778.834 Loading class java/util/AbstractMap$ValueIterator done

Classes unloaded (2 events):
Event: 6.360 Thread 0x00000130b4b526d0 Unloading class 0x00000130b6009800 'java/lang/invoke/LambdaForm$MH+0x00000130b6009800'
Event: 6.360 Thread 0x00000130b4b526d0 Unloading class 0x00000130b6004400 'java/lang/invoke/LambdaForm$DMH+0x00000130b6004400'

Classes redefined (0 events):
No events

Internal exceptions (20 events):
Event: 20.278 Thread 0x00000130fb045dc0 Exception <a 'java/lang/NoSuchMethodError'{0x0000000088e45700}: 'java.lang.Object java.lang.invoke.DirectMethodHandle$Holder.newInvokeSpecial(java.lang.Object, java.lang.Object, int, int)'> (0x0000000088e45700) 
thrown [s\open\src\hotspot\share\interpreter\linkResolver.cpp, line 805]
Event: 35.573 Thread 0x00000130fb045dc0 Exception <a 'java/lang/NoSuchMethodError'{0x0000000090d74440}: 'java.lang.Object java.lang.invoke.DirectMethodHandle$Holder.newInvokeSpecial(java.lang.Object, java.lang.Object, int, int, int, int, int, java.lang.Object)'> (0x0000000090d74440) 
thrown [s\open\src\hotspot\share\interpreter\linkResolver.cpp, line 805]
Event: 35.576 Thread 0x00000130fb045dc0 Exception <a 'java/lang/NoSuchMethodError'{0x0000000090d9cea0}: 'java.lang.Object java.lang.invoke.DirectMethodHandle$Holder.newInvokeSpecial(java.lang.Object, java.lang.Object, java.lang.Object, int, int, int, int, int)'> (0x0000000090d9cea0) 
thrown [s\open\src\hotspot\share\interpreter\linkResolver.cpp, line 805]
Event: 35.578 Thread 0x00000130fb045dc0 Exception <a 'java/lang/NoSuchMethodError'{0x0000000090dad1a8}: 'java.lang.Object java.lang.invoke.Invokers$Holder.linkToTargetMethod(java.lang.Object, java.lang.Object, int, int, int, int, int, java.lang.Object)'> (0x0000000090dad1a8) 
thrown [s\open\src\hotspot\share\interpreter\linkResolver.cpp, line 805]
Event: 40.643 Thread 0x00000130fb045dc0 Implicit null exception at 0x00000130a83aa2b6 to 0x00000130a83aa998
Event: 46.286 Thread 0x00000130fb045dc0 Implicit null exception at 0x00000130a807ab6d to 0x00000130a807afd8
Event: 46.297 Thread 0x00000130fb045dc0 Implicit null exception at 0x00000130a812eba9 to 0x00000130a812ec14
Event: 50.951 Thread 0x00000130fb045dc0 Implicit null exception at 0x00000130a8415560 to 0x00000130a84163c0
Event: 55.839 Thread 0x00000130fb045dc0 Exception <a 'java/lang/NoSuchMethodError'{0x000000008fdb15f0}: 'java.lang.Object java.lang.invoke.DirectMethodHandle$Holder.invokeVirtual(java.lang.Object, java.lang.Object, java.lang.Object, java.lang.Object, java.lang.Object, java.lang.Object)'> (0x000000008fdb15f0) 
thrown [s\open\src\hotspot\share\interpreter\linkResolver.cpp, line 805]
Event: 60.537 Thread 0x00000130fb045dc0 Implicit null exception at 0x00000130a83c3bf8 to 0x00000130a83c427c
Event: 66.636 Thread 0x00000130fae04db0 Implicit null exception at 0x00000130a844483a to 0x00000130a84448e0
Event: 109.028 Thread 0x00000130fb045dc0 Exception <a 'java/lang/NoSuchMethodError'{0x000000008f9383d0}: 'void java.lang.invoke.DirectMethodHandle$Holder.invokeVirtual(java.lang.Object, java.lang.Object, java.lang.Object, java.lang.Object, java.lang.Object, java.lang.Object, java.lang.Object)'> (0x000000008f9383d0) 
thrown [s\open\src\hotspot\share\interpreter\linkResolver.cpp, line 805]
Event: 109.029 Thread 0x00000130fb045dc0 Exception <a 'java/lang/NoSuchMethodError'{0x000000008f940fe0}: 'void java.lang.invoke.DelegatingMethodHandle$Holder.reinvoke_L(java.lang.Object, java.lang.Object, java.lang.Object, java.lang.Object, java.lang.Object, java.lang.Object, java.lang.Object)'> (0x000000008f940fe0) 
thrown [s\open\src\hotspot\share\interpreter\linkResolver.cpp, line 805]
Event: 131.710 Thread 0x00000130fb045dc0 Exception <a 'java/lang/NoSuchMethodError'{0x000000008de69508}: 'java.lang.Object java.lang.invoke.DirectMethodHandle$Holder.newInvokeSpecial(java.lang.Object, java.lang.Object, java.lang.Object, double, double, double, double, int, int, int, int, int, int, int, int, int)'> (0x000000008de69508) 
thrown [s\open\src\hotspot\share\interpreter\linkResolver.cpp, line 805]
Event: 150.628 Thread 0x00000130fb045dc0 Exception <a 'java/lang/NoSuchMethodError'{0x000000008c3f91c0}: 'void java.lang.invoke.DirectMethodHandle$Holder.invokeVirtual(java.lang.Object, java.lang.Object, java.lang.Object, java.lang.Object, java.lang.Object, java.lang.Object)'> (0x000000008c3f91c0) 
thrown [s\open\src\hotspot\share\interpreter\linkResolver.cpp, line 805]
Event: 150.629 Thread 0x00000130fb045dc0 Exception <a 'java/lang/NoSuchMethodError'{0x000000008c201f30}: 'void java.lang.invoke.DelegatingMethodHandle$Holder.reinvoke_L(java.lang.Object, java.lang.Object, java.lang.Object, java.lang.Object, java.lang.Object, java.lang.Object)'> (0x000000008c201f30) 
thrown [s\open\src\hotspot\share\interpreter\linkResolver.cpp, line 805]
Event: 150.651 Thread 0x00000130fb045dc0 Exception <a 'java/lang/NoSuchMethodError'{0x000000008c2c2008}: 'java.lang.Object java.lang.invoke.Invokers$Holder.linkToTargetMethod(java.lang.Object, int, java.lang.Object, java.lang.Object, java.lang.Object, java.lang.Object)'> (0x000000008c2c2008) 
thrown [s\open\src\hotspot\share\interpreter\linkResolver.cpp, line 805]
Event: 150.652 Thread 0x00000130fb045dc0 Exception <a 'java/lang/NoSuchMethodError'{0x000000008c2db950}: 'int java.lang.invoke.DirectMethodHandle$Holder.invokeStatic(java.lang.Object, java.lang.Object, int, java.lang.Object)'> (0x000000008c2db950) 
thrown [s\open\src\hotspot\share\interpreter\linkResolver.cpp, line 805]
Event: 150.666 Thread 0x00000130fb045dc0 Exception <a 'java/lang/NoSuchMethodError'{0x000000008c145540}: 'void java.lang.invoke.DirectMethodHandle$Holder.invokeStatic(java.lang.Object, int, java.lang.Object)'> (0x000000008c145540) 
thrown [s\open\src\hotspot\share\interpreter\linkResolver.cpp, line 805]
Event: 387.234 Thread 0x00000130fb045dc0 Exception <a 'java/lang/NoSuchMethodError'{0x000000008e7f9060}: 'double java.lang.invoke.DirectMethodHandle$Holder.invokeStatic(java.lang.Object, java.lang.Object)'> (0x000000008e7f9060) 
thrown [s\open\src\hotspot\share\interpreter\linkResolver.cpp, line 805]

VM Operations (20 events):
Event: 481.115 Executing VM operation: RendezvousGCThreads done
Event: 529.322 Executing VM operation: G1CollectForAllocation (G1 Evacuation Pause)
Event: 529.331 Executing VM operation: G1CollectForAllocation (G1 Evacuation Pause) done
Event: 541.206 Executing VM operation: HandshakeAllThreads (HandshakeForDeflation)
Event: 541.206 Executing VM operation: HandshakeAllThreads (HandshakeForDeflation) done
Event: 541.206 Executing VM operation: RendezvousGCThreads
Event: 541.206 Executing VM operation: RendezvousGCThreads done
Event: 601.256 Executing VM operation: HandshakeAllThreads (HandshakeForDeflation)
Event: 601.256 Executing VM operation: HandshakeAllThreads (HandshakeForDeflation) done
Event: 601.256 Executing VM operation: RendezvousGCThreads
Event: 601.256 Executing VM operation: RendezvousGCThreads done
Event: 661.365 Executing VM operation: HandshakeAllThreads (HandshakeForDeflation)
Event: 661.366 Executing VM operation: HandshakeAllThreads (HandshakeForDeflation) done
Event: 661.366 Executing VM operation: RendezvousGCThreads
Event: 661.366 Executing VM operation: RendezvousGCThreads done
Event: 721.494 Executing VM operation: HandshakeAllThreads (HandshakeForDeflation)
Event: 721.495 Executing VM operation: HandshakeAllThreads (HandshakeForDeflation) done
Event: 721.495 Executing VM operation: RendezvousGCThreads
Event: 721.495 Executing VM operation: RendezvousGCThreads done
Event: 778.853 Executing VM operation: Exit

Memory protections (0 events):
No events

Nmethod flushes (20 events):
Event: 32.414 Thread 0x00000130b4b526d0 flushing  nmethod 0x00000130a831da88
Event: 32.414 Thread 0x00000130b4b526d0 flushing  nmethod 0x00000130a055ee08
Event: 32.414 Thread 0x00000130b4b526d0 flushing  nmethod 0x00000130a058d188
Event: 32.414 Thread 0x00000130b4b526d0 flushing  nmethod 0x00000130a05c3f08
Event: 32.414 Thread 0x00000130b4b526d0 flushing  nmethod 0x00000130a077d008
Event: 32.414 Thread 0x00000130b4b526d0 flushing  nmethod 0x00000130a0797f08
Event: 32.414 Thread 0x00000130b4b526d0 flushing  nmethod 0x00000130a081cb88
Event: 32.414 Thread 0x00000130b4b526d0 flushing  nmethod 0x00000130a08a5908
Event: 32.414 Thread 0x00000130b4b526d0 flushing  nmethod 0x00000130a08db308
Event: 32.414 Thread 0x00000130b4b526d0 flushing  nmethod 0x00000130a098ce08
Event: 32.414 Thread 0x00000130b4b526d0 flushing  nmethod 0x00000130a0b19c88
Event: 32.414 Thread 0x00000130b4b526d0 flushing osr nmethod 0x00000130a0b1a008
Event: 32.414 Thread 0x00000130b4b526d0 flushing  nmethod 0x00000130a0b1a488
Event: 32.414 Thread 0x00000130b4b526d0 flushing osr nmethod 0x00000130a0b1a808
Event: 32.414 Thread 0x00000130b4b526d0 flushing  nmethod 0x00000130a0c64f08
Event: 32.414 Thread 0x00000130b4b526d0 flushing  nmethod 0x00000130a0c65308
Event: 32.414 Thread 0x00000130b4b526d0 flushing  nmethod 0x00000130a0c66088
Event: 32.414 Thread 0x00000130b4b526d0 flushing  nmethod 0x00000130a0d14a08
Event: 32.414 Thread 0x00000130b4b526d0 flushing  nmethod 0x00000130a0e57208
Event: 32.414 Thread 0x00000130b4b526d0 flushing  nmethod 0x00000130a0fb4d08

Events (20 events):
Event: 159.436 Thread 0x0000013082df7370 Thread exited: 0x0000013082df7370
Event: 164.508 Thread 0x00000130b4b99a10 Thread added: 0x0000013082df7370
Event: 166.159 Thread 0x0000013082df7370 Thread exited: 0x0000013082df7370
Event: 301.277 Thread 0x00000130fabffc40 Thread added: 0x00000130fa7b0c60
Event: 318.121 Thread 0x00000130b4b99a10 Thread added: 0x0000013082df4da0
Event: 318.426 Thread 0x0000013082df4da0 Thread exited: 0x0000013082df4da0
Event: 376.382 Thread 0x00000130faa90bc0 Thread exited: 0x00000130faa90bc0
Event: 778.823 Thread 0x00000130b4b6b8c0 Thread added: 0x00000130fa7afdc0
Event: 778.824 Thread 0x00000130fa7afdc0 Thread added: 0x00000130fa7ae080
Event: 778.824 Thread 0x00000130fa7afdc0 Thread added: 0x00000130fa7ad930
Event: 778.824 Thread 0x00000130fa7afdc0 Thread added: 0x00000130fa7b13b0
Event: 778.824 Thread 0x00000130fa7afdc0 Thread added: 0x00000130fa7b1b00
Event: 778.825 Thread 0x00000130fa7b13b0 Thread exited: 0x00000130fa7b13b0
Event: 778.827 Thread 0x00000130fa7b1b00 Thread exited: 0x00000130fa7b1b00
Event: 778.829 Thread 0x00000130fa7ae080 Thread exited: 0x00000130fa7ae080
Event: 778.838 Thread 0x00000130fa7ad930 Thread added: 0x00000130fa7b13b0
Event: 778.838 Thread 0x00000130834ebfb0 Thread exited: 0x00000130834ebfb0
Event: 778.850 Thread 0x00000130fa7b13b0 Thread exited: 0x00000130fa7b13b0
Event: 778.853 Thread 0x00000130fa7ad930 Thread exited: 0x00000130fa7ad930
Event: 778.853 Thread 0x00000130fa7afdc0 Before exit entered


Dynamic libraries:
0x00007ff6c0050000 - 0x00007ff6c0060000 	C:\Program Files\Java\jdk-24\bin\java.exe
0x00007ff890b40000 - 0x00007ff890da7000 	C:\WINDOWS\SYSTEM32\ntdll.dll
0x00007ff88f610000 - 0x00007ff88f6d9000 	C:\WINDOWS\System32\KERNEL32.DLL
0x00007ff88e420000 - 0x00007ff88e80f000 	C:\WINDOWS\System32\KERNELBASE.dll
0x00007ff88e2d0000 - 0x00007ff88e41b000 	C:\WINDOWS\System32\ucrtbase.dll
0x00007ff88abd0000 - 0x00007ff88abeb000 	C:\Program Files\Java\jdk-24\bin\VCRUNTIME140.dll
0x00007ff888e00000 - 0x00007ff888e16000 	C:\Program Files\Java\jdk-24\bin\jli.dll
0x00007ff8908a0000 - 0x00007ff890a65000 	C:\WINDOWS\System32\USER32.dll
0x00007ff87d500000 - 0x00007ff87d793000 	C:\WINDOWS\WinSxS\amd64_microsoft.windows.common-controls_6595b64144ccf1df_6.0.26100.7309_none_3e05feeae336a044\COMCTL32.dll
0x00007ff88dc90000 - 0x00007ff88dcb7000 	C:\WINDOWS\System32\win32u.dll
0x00007ff8904f0000 - 0x00007ff890599000 	C:\WINDOWS\System32\msvcrt.dll
0x00007ff88fc20000 - 0x00007ff88fc4b000 	C:\WINDOWS\System32\GDI32.dll
0x00007ff88e1a0000 - 0x00007ff88e2cc000 	C:\WINDOWS\System32\gdi32full.dll
0x00007ff88dd50000 - 0x00007ff88ddf3000 	C:\WINDOWS\System32\msvcp_win.dll
0x00007ff8902d0000 - 0x00007ff890301000 	C:\WINDOWS\System32\IMM32.DLL
0x00007ff888df0000 - 0x00007ff888dfc000 	C:\Program Files\Java\jdk-24\bin\vcruntime140_1.dll
0x00007ff86a130000 - 0x00007ff86a1be000 	C:\Program Files\Java\jdk-24\bin\msvcp140.dll
0x00007ff823f60000 - 0x00007ff824d01000 	C:\Program Files\Java\jdk-24\bin\server\jvm.dll
0x00007ff88f480000 - 0x00007ff88f534000 	C:\WINDOWS\System32\ADVAPI32.dll
0x00007ff88ea90000 - 0x00007ff88eb36000 	C:\WINDOWS\System32\sechost.dll
0x00007ff88e8f0000 - 0x00007ff88ea08000 	C:\WINDOWS\System32\RPCRT4.dll
0x00007ff88ea10000 - 0x00007ff88ea84000 	C:\WINDOWS\System32\WS2_32.dll
0x00007ff88daf0000 - 0x00007ff88db4e000 	C:\WINDOWS\SYSTEM32\POWRPROF.dll
0x00007ff8732e0000 - 0x00007ff873315000 	C:\WINDOWS\SYSTEM32\WINMM.dll
0x00007ff885db0000 - 0x00007ff885dbb000 	C:\WINDOWS\SYSTEM32\VERSION.dll
0x00007ff88dad0000 - 0x00007ff88dae4000 	C:\WINDOWS\SYSTEM32\UMPDC.dll
0x00007ff88ca40000 - 0x00007ff88ca5b000 	C:\WINDOWS\SYSTEM32\kernel.appcore.dll
0x00007ff888da0000 - 0x00007ff888daa000 	C:\Program Files\Java\jdk-24\bin\jimage.dll
0x00007ff87c770000 - 0x00007ff87c9b2000 	C:\WINDOWS\SYSTEM32\DBGHELP.DLL
0x00007ff88f880000 - 0x00007ff88fc06000 	C:\WINDOWS\System32\combase.dll
0x00007ff890410000 - 0x00007ff8904e6000 	C:\WINDOWS\System32\OLEAUT32.dll
0x00007ff85c960000 - 0x00007ff85c99c000 	C:\WINDOWS\SYSTEM32\dbgcore.DLL
0x00007ff88de00000 - 0x00007ff88dea5000 	C:\WINDOWS\System32\bcryptPrimitives.dll
0x00007ff886bd0000 - 0x00007ff886bdf000 	C:\Program Files\Java\jdk-24\bin\instrument.dll
0x00007ff888d80000 - 0x00007ff888d9e000 	C:\Program Files\Java\jdk-24\bin\java.dll
0x00007ff88f6e0000 - 0x00007ff88f877000 	C:\WINDOWS\System32\ole32.dll
0x00007ff88eb40000 - 0x00007ff88f293000 	C:\WINDOWS\System32\SHELL32.dll
0x00007ff88e030000 - 0x00007ff88e19a000 	C:\WINDOWS\System32\wintypes.dll
0x00007ff88b870000 - 0x00007ff88c0ce000 	C:\WINDOWS\SYSTEM32\windows.storage.dll
0x00007ff890310000 - 0x00007ff890404000 	C:\WINDOWS\System32\SHCORE.dll
0x00007ff88fc60000 - 0x00007ff88fcc6000 	C:\WINDOWS\System32\shlwapi.dll
0x00007ff88dbb0000 - 0x00007ff88dbd9000 	C:\WINDOWS\SYSTEM32\profapi.dll
0x00007ff85df60000 - 0x00007ff85e037000 	C:\Program Files\Java\jdk-24\bin\jsvml.dll
0x00007ff888cd0000 - 0x00007ff888ce7000 	C:\Program Files\Java\jdk-24\bin\zip.dll
0x00007ff888d70000 - 0x00007ff888d80000 	C:\Program Files\Java\jdk-24\bin\net.dll
0x00007ff88cfb0000 - 0x00007ff88d01b000 	C:\WINDOWS\system32\mswsock.dll
0x00007ff888d30000 - 0x00007ff888d46000 	C:\Program Files\Java\jdk-24\bin\nio.dll
0x00007ff886bb0000 - 0x00007ff886bb9000 	C:\Program Files\Java\jdk-24\bin\extnet.dll
0x00007ff88c4f0000 - 0x00007ff88c61c000 	C:\WINDOWS\SYSTEM32\DNSAPI.dll
0x00007ff88c450000 - 0x00007ff88c484000 	C:\WINDOWS\SYSTEM32\IPHLPAPI.DLL
0x00007ff88fc50000 - 0x00007ff88fc5a000 	C:\WINDOWS\System32\NSI.dll
0x00007ff876bb0000 - 0x00007ff876bbb000 	C:\Windows\System32\rasadhlp.dll
0x00007ff881b10000 - 0x00007ff881b96000 	C:\WINDOWS\System32\fwpuclnt.dll
0x00007ff886b90000 - 0x00007ff886b9a000 	C:\Program Files\Java\jdk-24\bin\management.dll
0x00007ff874480000 - 0x00007ff87448b000 	C:\Program Files\Java\jdk-24\bin\management_ext.dll
0x00007ff88e8e0000 - 0x00007ff88e8e8000 	C:\WINDOWS\System32\PSAPI.DLL
0x0000013095a50000 - 0x0000013095a53000 	C:\Users\User\.openjfx\cache\21+31\amd64\api-ms-win-core-console-l1-1-0.dll
0x0000013095a60000 - 0x0000013095a63000 	C:\Users\User\.openjfx\cache\21+31\amd64\api-ms-win-core-console-l1-2-0.dll
0x0000013095a70000 - 0x0000013095a73000 	C:\Users\User\.openjfx\cache\21+31\amd64\api-ms-win-core-datetime-l1-1-0.dll
0x00007ff88d270000 - 0x00007ff88d28b000 	C:\WINDOWS\SYSTEM32\CRYPTSP.dll
0x00007ff88c980000 - 0x00007ff88c9ba000 	C:\WINDOWS\system32\rsaenh.dll
0x00007ff88d060000 - 0x00007ff88d08b000 	C:\WINDOWS\SYSTEM32\USERENV.dll
0x00007ff88db80000 - 0x00007ff88dbaa000 	C:\WINDOWS\SYSTEM32\bcrypt.dll
0x00007ff88d290000 - 0x00007ff88d29c000 	C:\WINDOWS\SYSTEM32\CRYPTBASE.dll
0x0000013095a80000 - 0x0000013095a83000 	C:\Users\User\.openjfx\cache\21+31\amd64\api-ms-win-core-debug-l1-1-0.dll
0x0000013095a90000 - 0x0000013095a93000 	C:\Users\User\.openjfx\cache\21+31\amd64\api-ms-win-core-errorhandling-l1-1-0.dll
0x0000013095aa0000 - 0x0000013095aa4000 	C:\Users\User\.openjfx\cache\21+31\amd64\api-ms-win-core-file-l1-1-0.dll
0x00007ff84fcc0000 - 0x00007ff84fcd8000 	C:\WINDOWS\system32\napinsp.dll
0x00007ff84fca0000 - 0x00007ff84fcb2000 	C:\WINDOWS\System32\winrnr.dll
0x00007ff816870000 - 0x00007ff816892000 	C:\WINDOWS\system32\nlansp_c.dll
0x00007ff856a50000 - 0x00007ff856a66000 	C:\WINDOWS\system32\wshbth.dll
0x0000013095ab0000 - 0x0000013095ab3000 	C:\Users\User\.openjfx\cache\21+31\amd64\api-ms-win-core-file-l1-2-0.dll
0x0000013095e00000 - 0x0000013095e03000 	C:\Users\User\.openjfx\cache\21+31\amd64\api-ms-win-core-file-l2-1-0.dll
0x0000013095e10000 - 0x0000013095e13000 	C:\Users\User\.openjfx\cache\21+31\amd64\api-ms-win-core-handle-l1-1-0.dll
0x0000013097b60000 - 0x0000013097b63000 	C:\Users\User\.openjfx\cache\21+31\amd64\api-ms-win-core-heap-l1-1-0.dll
0x0000013097b70000 - 0x0000013097b73000 	C:\Users\User\.openjfx\cache\21+31\amd64\api-ms-win-core-interlocked-l1-1-0.dll
0x0000013097b80000 - 0x0000013097b83000 	C:\Users\User\.openjfx\cache\21+31\amd64\api-ms-win-core-libraryloader-l1-1-0.dll
0x0000013097b90000 - 0x0000013097b93000 	C:\Users\User\.openjfx\cache\21+31\amd64\api-ms-win-core-localization-l1-2-0.dll
0x0000013097ba0000 - 0x0000013097ba3000 	C:\Users\User\.openjfx\cache\21+31\amd64\api-ms-win-core-memory-l1-1-0.dll
0x0000013097bb0000 - 0x0000013097bb3000 	C:\Users\User\.openjfx\cache\21+31\amd64\api-ms-win-core-namedpipe-l1-1-0.dll
0x0000013097bc0000 - 0x0000013097bc3000 	C:\Users\User\.openjfx\cache\21+31\amd64\api-ms-win-core-processenvironment-l1-1-0.dll
0x00000130b4fb0000 - 0x00000130b4fb3000 	C:\Users\User\.openjfx\cache\21+31\amd64\api-ms-win-core-processthreads-l1-1-0.dll
0x00000130b4fc0000 - 0x00000130b4fc3000 	C:\Users\User\.openjfx\cache\21+31\amd64\api-ms-win-core-processthreads-l1-1-1.dll
0x00000130b4fd0000 - 0x00000130b4fd3000 	C:\Users\User\.openjfx\cache\21+31\amd64\api-ms-win-core-profile-l1-1-0.dll
0x00000130b4fe0000 - 0x00000130b4fe3000 	C:\Users\User\.openjfx\cache\21+31\amd64\api-ms-win-core-rtlsupport-l1-1-0.dll
0x00000130b4ff0000 - 0x00000130b4ff3000 	C:\Users\User\.openjfx\cache\21+31\amd64\api-ms-win-core-string-l1-1-0.dll
0x00000130fa800000 - 0x00000130fa803000 	C:\Users\User\.openjfx\cache\21+31\amd64\api-ms-win-core-synch-l1-1-0.dll
0x00000130fa810000 - 0x00000130fa813000 	C:\Users\User\.openjfx\cache\21+31\amd64\api-ms-win-core-synch-l1-2-0.dll
0x00000130fa820000 - 0x00000130fa823000 	C:\Users\User\.openjfx\cache\21+31\amd64\api-ms-win-core-sysinfo-l1-1-0.dll
0x00000130fa830000 - 0x00000130fa833000 	C:\Users\User\.openjfx\cache\21+31\amd64\api-ms-win-core-timezone-l1-1-0.dll
0x00000130fa840000 - 0x00000130fa843000 	C:\Users\User\.openjfx\cache\21+31\amd64\api-ms-win-core-util-l1-1-0.dll
0x00000130fa850000 - 0x00000130fa853000 	C:\Users\User\.openjfx\cache\21+31\amd64\api-ms-win-crt-conio-l1-1-0.dll
0x00000130fa860000 - 0x00000130fa864000 	C:\Users\User\.openjfx\cache\21+31\amd64\api-ms-win-crt-convert-l1-1-0.dll
0x00000130fa870000 - 0x00000130fa873000 	C:\Users\User\.openjfx\cache\21+31\amd64\api-ms-win-crt-environment-l1-1-0.dll
0x00000130fa880000 - 0x00000130fa883000 	C:\Users\User\.openjfx\cache\21+31\amd64\api-ms-win-crt-filesystem-l1-1-0.dll
0x00000130fa890000 - 0x00000130fa893000 	C:\Users\User\.openjfx\cache\21+31\amd64\api-ms-win-crt-heap-l1-1-0.dll
0x00000130fa8a0000 - 0x00000130fa8a3000 	C:\Users\User\.openjfx\cache\21+31\amd64\api-ms-win-crt-locale-l1-1-0.dll
0x00000130fa8b0000 - 0x00000130fa8b5000 	C:\Users\User\.openjfx\cache\21+31\amd64\api-ms-win-crt-math-l1-1-0.dll
0x00000130fa8c0000 - 0x00000130fa8c5000 	C:\Users\User\.openjfx\cache\21+31\amd64\api-ms-win-crt-multibyte-l1-1-0.dll
0x00000130fa8d0000 - 0x00000130fa8e0000 	C:\Users\User\.openjfx\cache\21+31\amd64\api-ms-win-crt-private-l1-1-0.dll
0x00000130fa8e0000 - 0x00000130fa8e3000 	C:\Users\User\.openjfx\cache\21+31\amd64\api-ms-win-crt-process-l1-1-0.dll
0x00000130fa8f0000 - 0x00000130fa8f4000 	C:\Users\User\.openjfx\cache\21+31\amd64\api-ms-win-crt-runtime-l1-1-0.dll
0x00000130fa900000 - 0x00000130fa904000 	C:\Users\User\.openjfx\cache\21+31\amd64\api-ms-win-crt-stdio-l1-1-0.dll
0x00000130fbc20000 - 0x00000130fbc24000 	C:\Users\User\.openjfx\cache\21+31\amd64\api-ms-win-crt-string-l1-1-0.dll
0x00000130fbc30000 - 0x00000130fbc33000 	C:\Users\User\.openjfx\cache\21+31\amd64\api-ms-win-crt-time-l1-1-0.dll
0x00000130fbc40000 - 0x00000130fbc43000 	C:\Users\User\.openjfx\cache\21+31\amd64\api-ms-win-crt-utility-l1-1-0.dll
0x00007ff849e90000 - 0x00007ff849f8c000 	C:\Users\User\.openjfx\cache\21+31\amd64\ucrtbase.dll
0x00007ff86b130000 - 0x00007ff86b186000 	C:\WINDOWS\SYSTEM32\pdh.dll
0x00007ff860fe0000 - 0x00007ff860ffb000 	C:\Users\User\.openjfx\cache\21+31\amd64\vcruntime140.dll
0x00007ff86a090000 - 0x00007ff86a09c000 	C:\Users\User\.openjfx\cache\21+31\amd64\vcruntime140_1.dll
0x00007ff84a6e0000 - 0x00007ff84a76e000 	C:\Users\User\.openjfx\cache\21+31\amd64\msvcp140.dll
0x00007ff868730000 - 0x00007ff868739000 	C:\Users\User\.openjfx\cache\21+31\amd64\msvcp140_1.dll
0x00007ff860fb0000 - 0x00007ff860fdf000 	C:\Users\User\.openjfx\cache\21+31\amd64\msvcp140_2.dll
0x00007ff85dd30000 - 0x00007ff85dd5f000 	C:\Users\User\.openjfx\cache\21+31\amd64\prism_d3d.dll
0x00007ff8149b0000 - 0x00007ff814b63000 	C:\WINDOWS\system32\d3d9.dll
0x00007ff88b1c0000 - 0x00007ff88b1f0000 	C:\WINDOWS\SYSTEM32\dwmapi.dll
0x00007ff88aff0000 - 0x00007ff88b034000 	C:\WINDOWS\SYSTEM32\dxcore.dll
0x00007ff88af20000 - 0x00007ff88afcb000 	C:\WINDOWS\system32\uxtheme.dll
0x00007ff88d7d0000 - 0x00007ff88d827000 	C:\WINDOWS\SYSTEM32\cfgmgr32.dll
0x00007ff887fd0000 - 0x00007ff888033000 	C:\WINDOWS\SYSTEM32\directxdatabasehelper.dll
0x00007ff85dce0000 - 0x00007ff85dd22000 	C:\Users\User\.openjfx\cache\21+31\amd64\glass.dll
0x00007ff8907a0000 - 0x00007ff890890000 	C:\WINDOWS\System32\COMDLG32.dll
0x00007ff890160000 - 0x00007ff8902be000 	C:\WINDOWS\System32\MSCTF.dll
0x00007ff864400000 - 0x00007ff864410000 	C:\Program Files\Java\jdk-24\bin\verify.dll
0x00007ff86e610000 - 0x00007ff86e622000 	C:\WINDOWS\System32\perfproc.dll
0x00007ff860850000 - 0x00007ff860864000 	C:\Users\User\.openjfx\cache\21+31\amd64\javafx_font.dll
0x00007ff8896a0000 - 0x00007ff889907000 	C:\WINDOWS\SYSTEM32\dwrite.dll
0x00007ff84a6b0000 - 0x00007ff84a6dd000 	C:\Users\User\.openjfx\cache\21+31\amd64\javafx_iio.dll

JVMTI agents:
C:\Program Files\JetBrains\IntelliJ IDEA Community Edition 2025.2.1\lib\idea_rt.jar path:C:\Program Files\Java\jdk-24\bin\instrument.dll, loaded, initialized, instrumentlib options:63983

dbghelp: loaded successfully - version: 4.0.5 - missing functions: none
symbol engine: initialized successfully - sym options: 0x614 - pdb path: .;C:\Program Files\Java\jdk-24\bin;C:\WINDOWS\SYSTEM32;C:\WINDOWS\WinSxS\amd64_microsoft.windows.common-controls_6595b64144ccf1df_6.0.26100.7309_none_3e05feeae336a044;C:\Program Files\Java\jdk-24\bin\server;C:\Users\User\.openjfx\cache\21+31\amd64;C:\WINDOWS\System32\DriverStore\FileRepository\iigd_dch.inf_amd64_7ecf8d2b2b8c53e8;C:\Program Files\Common Files\Microsoft Shared\Ink

VM Arguments:
jvm_args: -javaagent:C:\Program Files\JetBrains\IntelliJ IDEA Community Edition 2025.2.1\lib\idea_rt.jar=63983 -Dfile.encoding=UTF-8 -Dsun.stdout.encoding=UTF-8 -Dsun.stderr.encoding=UTF-8 
java_command: com.pi.grafos.Main
java_class_path (initial): C:\Users\User\IdeaProjects\sos-rota-emergency-dispatch\target\classes;C:\Users\User\.m2\repository\org\springframework\boot\spring-boot-starter-data-jpa\3.5.7\spring-boot-starter-data-jpa-3.5.7.jar;C:\Users\User\.m2\repository\org\springframework\boot\spring-boot-starter\3.5.7\spring-boot-starter-3.5.7.jar;C:\Users\User\.m2\repository\org\springframework\boot\spring-boot-starter-logging\3.5.7\spring-boot-starter-logging-3.5.7.jar;C:\Users\User\.m2\repository\ch\qos\logback\logback-classic\1.5.20\logback-classic-1.5.20.jar;C:\Users\User\.m2\repository\ch\qos\logback\logback-core\1.5.20\logback-core-1.5.20.jar;C:\Users\User\.m2\repository\org\apache\logging\log4j\log4j-to-slf4j\2.24.3\log4j-to-slf4j-2.24.3.jar;C:\Users\User\.m2\repository\org\apache\logging\log4j\log4j-api\2.24.3\log4j-api-2.24.3.jar;C:\Users\User\.m2\repository\org\slf4j\jul-to-slf4j\2.0.17\jul-to-slf4j-2.0.17.jar;C:\Users\User\.m2\repository\jakarta\annotation\jakarta.annotation-api\2.1.1\jakarta.annotation-api-2.1.1.jar;C:\Users\User\.m2\repository\org\yaml\snakeyaml\2.4\snakeyaml-2.4.jar;C:\Users\User\.m2\repository\org\springframework\boot\spring-boot-starter-jdbc\3.5.7\spring-boot-starter-jdbc-3.5.7.jar;C:\Users\User\.m2\repository\com\zaxxer\HikariCP\6.3.3\HikariCP-6.3.3.jar;C:\Users\User\.m2\repository\org\springframework\spring-jdbc\6.2.12\spring-jdbc-6.2.12.jar;C:\Users\User\.m2\repository\org\hibernate\orm\hibernate-core\6.6.33.Final\hibernate-core-6.6.33.Final.jar;C:\Users\User\.m2\repository\jakarta\persistence\jakarta.persistence-api\3.1.0\jakarta.persistence-api-3.1.0.jar;C:\Users\User\.m2\repository\jakarta\transaction\jakarta.transaction-api\2.0.1\jakarta.transaction-api-2.0.1.jar;C:\Users\User\.m2\repository\org\jboss\logging\jboss-logging\3.6.1.Final\jboss-logging-3.6.1.Final.jar;C:\Users\User\.m2\repository\org\hibernate\common\hibernate-commons-annotations\7.0.3.Final\hibernate-commons-annotations-7.0.3.Final.jar;C:\Users\User\.m2\repository\io\smallrye\jandex\3.2.0\jandex-3.2.0.jar;C:\Users\User\.m2\repository\com\fasterxml\classmate\1.7.1\classmate-1.7.1.jar;C:\Users\User\.m2\repository\net\bytebuddy\byte-buddy\1.17.8\byte-buddy-1.17.8.jar;C:\Users\User\.m2\repository\org\glassfish\jaxb\jaxb-runtime\4.0.6\jaxb-runtime-4.0.6.jar;C:\Users\User\.m2\repository\org\glassfish\jaxb\jaxb-core\4.0.6\jaxb-core-4.0.6.jar;C:\Users\User\.m2\repository\org\eclipse\angus\angus-activation\2.0.3\angus-activation-2.0.3.jar;C:\Users\User\.m2\repository\org\glassfish\jaxb\txw2\4.0.6\txw2-4.0.6.jar;C:\Users\User\.m2\repository\com\sun\istack\istack-commons-runtime\4.1.2\istack-commons-runtime-4.1.2.jar;C:\Users\User\.m2\repository\jakarta\inject\jakarta.inject-api\2.0.1\jakarta.inject-api-2.0.1.jar;C:\Users\User\.m2\repository\org\antlr\antlr4-runtime\4.13.0\antlr4-runtime-4.13.0.jar;C:\Users\User\.m2\repository\org\springframework\data\spring-data-jpa\3.5.5\spring-data-jpa-3.5.5.jar;C:\Users\User\.m2\repository\org\springframework\data\spring-data-commons\3.5.5\spring-data-commons-3.5.5.jar;C:\Users\User\.m2\repository\org\springframework\spring-orm\6.2.12\spring-orm-6.2.12.jar;C:\Users\User\.m2\repository\org\springframework\spring-context\6.2.12\spring-context-6.2.12.jar;C:\Users\User\.m2\repository\io\micrometer\micrometer-observation\1.15.5\micrometer-observation-1.15.5.jar;C:\Users\User\.m2\repository\io\micrometer\micrometer-commons\1.15.5\micrometer-commons-1.15.5.jar;C:\Users\User\.m2\repository\org\springframework\spring-tx\6.2.12\spring-tx-6.2.12.jar;C:\Users\User\.m2\repository\org\springframework\spring-beans\6.2.12\spring-beans-6.2.12.jar;C:\Users\User\.m2\repository\org\slf4j\slf4j-api\2.0.17\slf4j-api-2.0.17.jar;C:\Users\User\.m2\repository\org\springframework\spring-aspects\6.2.12\spring-aspects-6.2.12.jar;C:\Users\User\.m2\repository\org\aspectj\aspectjweaver\1.9.24\aspectjweaver-1.9.24.jar;C:\Users\User\.m2\repository\com\opencsv\opencsv\5.7.1\opencsv-5.7.1.jar;C:\Users\User\.m2\repository\org\apache\commons\commons-lang3\3.17.0\commons-lang3-3.17.0.jar;C:\Users\User\.m2\repository\org\apache\commons\commons-text\1.10.0\commons-text-1.10.0.jar;C:\Users\User\.m2\repository\commons-beanutils\commons-beanutils\1.9.4\commons-beanutils-1.9.4.jar;C:\Users\User\.m2\repository\commons-logging\commons-logging\1.2\commons-logging-1.2.jar;C:\Users\User\.m2\repository\commons-collections\commons-collections\3.2.2\commons-collections-3.2.2.jar;C:\Users\User\.m2\repository\org\apache\commons\commons-collections4\4.4\commons-collections4-4.4.jar;C:\Users\User\.m2\repository\org\springframework\boot\spring-boot-starter-security\3.5.7\spring-boot-starter-security-3.5.7.jar;C:\Users\User\.m2\repository\org\springframework\spring-aop\6.2.12\spring-aop-6.2.12.jar;C:\Users\User\.m2\repository\org\springframework\security\spring-security-config\6.5.6\spring-security-config-6.5.6.jar;C:\Users\User\.m2\repository\org\springframework\security\spring-security-core\6.5.6\spring-security-core-6.5.6.jar;C:\Users\User\.m2\repository\org\springframework\security\spring-security-crypto\6.5.6\spring-security-crypto-6.5.6.jar;C:\Users\User\.m2\repository\org\springframework\security\spring-security-web\6.5.6\spring-security-web-6.5.6.jar;C:\Users\User\.m2\repository\org\springframework\spring-expression\6.2.12\spring-expression-6.2.12.jar;C:\Users\User\.m2\repository\org\springframework\spring-web\6.2.12\spring-web-6.2.12.jar;C:\Users\User\.m2\repository\org\springframework\boot\spring-boot-devtools\3.5.7\spring-boot-devtools-3.5.7.jar;C:\Users\User\.m2\repository\org\springframework\boot\spring-boot\3.5.7\spring-boot-3.5.7.jar;C:\Users\User\.m2\repository\org\springframework\boot\spring-boot-autoconfigure\3.5.7\spring-boot-autoconfigure-3.5.7.jar;C:\Users\User\.m2\repository\org\postgresql\postgresql\42.7.8\postgresql-42.7.8.jar;C:\Users\User\.m2\repository\org\checkerframework\checker-qual\3.49.5\checker-qual-3.49.5.jar;C:\Users\User\.m2\repository\org\projectlombok\lombok\1.18.42\lombok-1.18.42.jar;C:\Users\User\.m2\repository\jakarta\xml\bind\jakarta.xml.bind-api\4.0.4\jakarta.xml.bind-api-4.0.4.jar;C:\Users\User\.m2\repository\jakarta\activation\jakarta.activation-api\2.1.4\jakarta.activation-api-2.1.4.jar;C:\Users\User\.m2\repository\org\springframework\spring-core\6.2.12\spring-core-6.2.12.jar;C:\Users\User\.m2\repository\org\springframework\spring-jcl\6.2.12\spring-jcl-6.2.12.jar;C:\Users\User\.m2\repository\org\openjfx\javafx-controls\21\javafx-controls-21.jar;C:\Users\User\.m2\repository\org\openjfx\javafx-controls\21\javafx-controls-21-win.jar;C:\Users\User\.m2\repository\org\openjfx\javafx-graphics\21\javafx-graphics-21.jar;C:\Users\User\.m2\repository\org\openjfx\javafx-graphics\21\javafx-graphics-21-win.jar;C:\Users\User\.m2\repository\org\openjfx\javafx-base\21\javafx-base-21.jar;C:\Users\User\.m2\repository\org\openjfx\javafx-base\21\javafx-base-21-win.jar;C:\Users\User\.m2\repository\org\openjfx\javafx-fxml\21\javafx-fxml-21.jar;C:\Users\User\.m2\repository\org\openjfx\javafx-fxml\21\javafx-fxml-21-win.jar
Launcher Type: SUN_STANDARD

[Global flags]
     intx CICompilerCount                          = 4                                         {product} {ergonomic}
     uint ConcGCThreads                            = 2                                         {product} {ergonomic}
     uint G1ConcRefinementThreads                  = 8                                         {product} {ergonomic}
   size_t G1HeapRegionSize                         = 1048576                                   {product} {ergonomic}
   size_t InitialHeapSize                          = 134217728                                 {product} {ergonomic}
   size_t MarkStackSize                            = 4194304                                   {product} {ergonomic}
   size_t MarkStackSizeMax                         = 536870912                                 {product} {ergonomic}
   size_t MaxHeapSize                              = 2116026368                                {product} {ergonomic}
   size_t MaxNewSize                               = 1268776960                                {product} {ergonomic}
   size_t MinHeapDeltaBytes                        = 1048576                                   {product} {ergonomic}
   size_t MinHeapSize                              = 8388608                                   {product} {ergonomic}
    uintx NonNMethodCodeHeapSize                   = 5832704                                {pd product} {ergonomic}
    uintx NonProfiledCodeHeapSize                  = 122945536                              {pd product} {ergonomic}
    uintx ProfiledCodeHeapSize                     = 122880000                              {pd product} {ergonomic}
    uintx ReservedCodeCacheSize                    = 251658240                              {pd product} {ergonomic}
     bool SegmentedCodeCache                       = true                                      {product} {ergonomic}
   size_t SoftMaxHeapSize                          = 2116026368                             {manageable} {ergonomic}
     bool UseCompressedOops                        = true                           {product lp64_product} {ergonomic}
     bool UseG1GC                                  = true                                      {product} {ergonomic}
     bool UseLargePagesIndividualAllocation        = false                                  {pd product} {ergonomic}

Logging:
Log output configuration:
 #0: stdout all=off uptime,level,tags foldmultilines=false
 #1: stderr all=off uptime,level,tags foldmultilines=false

Environment Variables:
PATH=C:\Program Files\Common Files\Oracle\Java\javapath;C:\Program Files (x86)\Common Files\Oracle\Java\java8path;C:\Program Files (x86)\Common Files\Oracle\Java\javapath;C:\WINDOWS\system32;C:\WINDOWS;C:\WINDOWS\System32\Wbem;C:\WINDOWS\System32\WindowsPowerShell\v1.0\;C:\WINDOWS\System32\OpenSSH\;C:\Program Files\dotnet\;C:\Program Files\Docker\Docker\resources\bin;C:\Program Files\Git\cmd;C:\Program Files\nodejs\;C:\Users\User\AppData\Local\Microsoft\WindowsApps;C:\Users\User\AppData\Local\Programs\Microsoft VS Code\bin;C:\Users\User\AppData\Roaming\npm;
USERNAME=User
OS=Windows_NT
PROCESSOR_IDENTIFIER=Intel64 Family 6 Model 142 Stepping 12, GenuineIntel
TMP=C:\Users\User\AppData\Local\Temp
TEMP=C:\Users\User\AppData\Local\Temp




Periodic native trim disabled

---------------  S Y S T E M  ---------------

OS:
 Windows 11 , 64 bit Build 26100 (10.0.26100.7309)
OS uptime: 0 days 1:37 hours
Hyper-V role detected

CPU: total 8 (initial active 8) (4 cores per cpu, 2 threads per core) family 6 model 142 stepping 12 microcode 0xf8, cx8, cmov, fxsr, ht, mmx, 3dnowpref, sse, sse2, sse3, ssse3, sse4.1, sse4.2, popcnt, lzcnt, tsc, tscinvbit, avx, avx2, aes, erms, clmul, bmi1, bmi2, adx, fma, vzeroupper, clflush, clflushopt, hv, rdtscp, f16c
Processor Information for the first 8 processors :
  Max Mhz: 1992, Current Mhz: 1792, Mhz Limit: 1792

Memory: 4k page, system-wide physical 8067M (1378M free)
TotalPageFile size 14723M (AvailPageFile size 3167M)
current process WorkingSet (physical memory assigned to process): 422M, peak: 833M
current process commit charge ("private bytes"): 696M, peak: 906M

vm_info: Java HotSpot(TM) 64-Bit Server VM (24.0.2+12-54) for windows-amd64 JRE (24.0.2+12-54), built on 2025-07-08T12:10:27Z with MS VC++ 17.6 (VS2022)

END.
