#
# A fatal error has been detected by the Java Runtime Environment:
#
#  EXCEPTION_ACCESS_VIOLATION (0xc0000005) at pc=0x00007ff857b06587, pid=3788, tid=9648
#
# JRE version: Java(TM) SE Runtime Environment (24.0.2+12) (build 24.0.2+12-54)
# Java VM: Java HotSpot(TM) 64-Bit Server VM (24.0.2+12-54, mixed mode, sharing, tiered, compressed oops, compressed class ptrs, g1 gc, windows-amd64)
# Problematic frame:
# C  [glass.dll+0x26587]
#
# No core dump will be written. Minidumps are not enabled by default on client versions of Windows
#
# If you would like to submit a bug report, please visit:
#   https://bugreport.java.com/bugreport/crash.jsp
#

---------------  S U M M A R Y ------------

Command Line: -javaagent:C:\Program Files\JetBrains\IntelliJ IDEA Community Edition 2025.2.1\lib\idea_rt.jar=53998 -Dfile.encoding=UTF-8 -Dsun.stdout.encoding=UTF-8 -Dsun.stderr.encoding=UTF-8 com.pi.grafos.Main

Host: Intel(R) Core(TM) i7-8565U CPU @ 1.80GHz, 8 cores, 7G,  Windows 11 , 64 bit Build 26100 (10.0.26100.7309)
Time: Sat Dec  6 13:27:18 2025 Hora oficial do Brasil elapsed time: 128.343002 seconds (0d 0h 2m 8s)

---------------  T H R E A D  ---------------

Current thread (0x00000265cd36b440):  VMThread "VM Thread"          [id=9648, stack(0x00000081a7f00000,0x00000081a8000000) (1024K)]

Stack: [0x00000081a7f00000,0x00000081a8000000],  sp=0x00000081a7fff010,  free space=1020k
Native frames: (J=compiled Java code, j=interpreted, Vv=VM code, C=native code)
C  [glass.dll+0x26587]  (no source info available)
C  [ucrtbase.dll+0x4bc75]  (no source info available)
C  [ucrtbase.dll+0x4b897]  (no source info available)
C  [ucrtbase.dll+0x4b84d]  (no source info available)
C  [glass.dll+0x23d5d]  (no source info available)
C  [glass.dll+0x23e82]  (no source info available)
C  [ntdll.dll+0x15f87e]  (no source info available)
C  [ntdll.dll+0xbcae]  (no source info available)
C  [ntdll.dll+0x8d4af]  (no source info available)
C  [ntdll.dll+0x8c67e]  (no source info available)
C  [KERNEL32.DLL+0x418ab]  (no source info available)
C  [ucrtbase.dll+0xa0093]  (no source info available)
V  [jvm.dll+0x72928c]  (no source info available)
V  [jvm.dll+0x728dc0]  (no source info available)
V  [jvm.dll+0x41b344]  (no source info available)
V  [jvm.dll+0x8e29c2]  (no source info available)
V  [jvm.dll+0x8e3d0c]  (no source info available)
V  [jvm.dll+0x8e4278]  (no source info available)
V  [jvm.dll+0x8e4513]  (no source info available)
V  [jvm.dll+0x87d9eb]  (no source info available)
V  [jvm.dll+0x72ef45]  (no source info available)
C  [ucrtbase.dll+0x37b0]  (no source info available)
C  [KERNEL32.DLL+0x2e8d7]  (no source info available)
C  [ntdll.dll+0x8c53c]  (no source info available)


siginfo: EXCEPTION_ACCESS_VIOLATION (0xc0000005), reading address 0x0000000000000000


Registers:
RAX=0x0000000000000000, RBX=0x00000265cd3799fa, RCX=0x00000265cd36b440, RDX=0x00000081a7fff010
RSP=0x00000081a7fff010, RBP=0x0000d3f83982e6e4, RSI=0x0000026613a71578, RDI=0x0000026613a71550
R8 =0x0000000000010002, R9 =0x0000d3f83982e6e4, R10=0x00000265ae690000, R11=0x00000081a7fff0f8
R12=0x0000000000000001, R13=0x00007ff857b03ed0, R14=0x00000081a7fff118, R15=0x0000026613a71550
RIP=0x00007ff857b06587, EFLAGS=0x0000000000010202

XMM[0]=0x0000000000000000 0x0000000000000000
XMM[1]=0x0000000000000000 0x00000081a7ffdc70
XMM[2]=0x0000000000000000 0x0000000000000000
XMM[3]=0x0000000000000000 0x0000000000000000
XMM[4]=0x0000000000000000 0x0000000000000000
XMM[5]=0x0000000000000000 0x0000000000000000
XMM[6]=0x0000000000000000 0x0000000000000000
XMM[7]=0x0000000000000000 0x404e000000000000
XMM[8]=0x0000000000000000 0x0000000000000000
XMM[9]=0x0000000000000000 0x0000000000000000
XMM[10]=0x0000000000000000 0x0000000000000000
XMM[11]=0x0000000000000000 0x0000000000000000
XMM[12]=0x0000000000000000 0x0000000000000000
XMM[13]=0x0000000000000000 0x0000000000000000
XMM[14]=0x0000000000000000 0x0000000000000000
XMM[15]=0x0000000000000000 0x0000000000000000
  MXCSR=0x00001fa0


Register to memory mapping:

RAX=0x0 is null
RBX=0x00000265cd3799fa is a global jni handle
RCX=0x00000265cd36b440 points into unknown readable memory: 0x00007ff824a47c38 | 38 7c a4 24 f8 7f 00 00
RDX=0x00000081a7fff010 points into unknown readable memory: 0x0000000000000000 | 00 00 00 00 00 00 00 00
RSP=0x00000081a7fff010 points into unknown readable memory: 0x0000000000000000 | 00 00 00 00 00 00 00 00
RBP=0x0000d3f83982e6e4 is an unknown value
RSI=0x0000026613a71578 points into unknown readable memory: 0x0000d3f83982e6e4 | e4 e6 82 39 f8 d3 00 00
RDI=0x0000026613a71550 points into unknown readable memory: 0x7b034d7839851961 | 61 19 85 39 78 4d 03 7b
R8 =0x0000000000010002 is an unknown value
R9 =0x0000d3f83982e6e4 is an unknown value
R10=0x00000265ae690000 points into unknown readable memory: 0x0000000000000000 | 00 00 00 00 00 00 00 00
R11=0x00000081a7fff0f8 points into unknown readable memory: 0x00007ff857b03d5d | 5d 3d b0 57 f8 7f 00 00
R12=0x0000000000000001 is an unknown value
R13=0x00007ff857b03ed0 glass.dll
R14=0x00000081a7fff118 points into unknown readable memory: 0x00000081a7fff100 | 00 f1 ff a7 81 00 00 00
R15=0x0000026613a71550 points into unknown readable memory: 0x7b034d7839851961 | 61 19 85 39 78 4d 03 7b

Top of Stack: (sp=0x00000081a7fff010)
0x00000081a7fff010:   0000000000000000 0000026600000000   ............f...
0x00000081a7fff020:   0000026613a62cc0 0000000000000001   .,..f...........
0x00000081a7fff030:   0000026613a71558 00007ff88e31bc75   X...f...u.1.....
0x00000081a7fff040:   0000026613a71550 0000026600000000   P...f.......f...
0x00000081a7fff050:   0000026613a71570 0000d3f83982e6e4   p...f......9....
0x00000081a7fff060:   fffffffffffffffe 00007ff87ce10000   ...........|....
0x00000081a7fff070:   00007ff857ae0000 00007ff857ae0000   ...W.......W....
0x00000081a7fff080:   00000081a7fff108 00007ff88e31b897   ..........1.....
0x00000081a7fff090:   00000081a7fff100 00000081a7fff118   ................
0x00000081a7fff0a0:   00000081a7fff400 00007ff88e4088c0   ..........@.....
0x00000081a7fff0b0:   0000000000000001 00007ff88e31b84d   ........M.1.....
0x00000081a7fff0c0:   0000000000000000 0000000000000001   ................
0x00000081a7fff0d0:   00000081a7fff400 00000081a7fff108   ................
0x00000081a7fff0e0:   fffffffffffffffe 00007ff890ba0533   ........3.......
0x00000081a7fff0f0:   0000000000000000 00007ff857b03d5d   ........]=.W....
0x00000081a7fff100:   00007ff857b1a008 0000008100000002   ...W............
0x00000081a7fff110:   00007ff800000002 00000081a7fff100   ................
0x00000081a7fff120:   0000000000000000 00007ff88d275e37   ........7^'.....
0x00000081a7fff130:   0000000000000000 00007ff857b03e82   .........>.W....
0x00000081a7fff140:   0000000000000001 0000000000000000   ................
0x00000081a7fff150:   0000000000000001 00007ff890b4a6af   ................
0x00000081a7fff160:   00007ff88d270000 00000081a7fff400   ..'.............
0x00000081a7fff170:   0000000000000001 0000000000000000   ................
0x00000081a7fff180:   0000000000000000 000000007ffe0384   ................
0x00000081a7fff190:   00000266139909e0 00007ff890c9f87e   ....f...~.......
0x00000081a7fff1a0:   00007ff857ae0000 0000026600000000   ...W........f...
0x00000081a7fff1b0:   0000000000000001 000000007ffe0385   ................
0x00000081a7fff1c0:   00007ff857b075a0 00007ff890b4bcae   .u.W............
0x00000081a7fff1d0:   0000000000000000 0000000000000000   ................
0x00000081a7fff1e0:   0000000000000000 0000000000000000   ................
0x00000081a7fff1f0:   0000000000000000 0000000000000000   ................
0x00000081a7fff200:   0000000000000000 0000000000000000   ................

Instructions: (pc=0x00007ff857b06587)
  0x00007ff857b06487:   8b 4d 58 e8 8d cf ff ff 48 8b 4d 60 e8 84 cf ff
  0x00007ff857b06497:   ff 48 8b 95 80 00 00 00 48 8b 8d 18 01 00 00 e8
  0x00007ff857b064a7:   76 c4 ff ff 33 d2 33 c9 e8 cc e1 ff ff 90 48 89
  0x00007ff857b064b7:   54 24 10 55 48 83 ec 20 48 8b ea 48 b8 00 00 00
  0x00007ff857b064c7:   00 00 00 00 00 48 83 c4 20 5d c3 cc 40 55 48 8b
  0x00007ff857b064d7:   ea 48 8b 01 33 c9 81 38 05 00 00 c0 0f 94 c1 8b
  0x00007ff857b064e7:   c1 5d c3 cc 40 55 48 83 ec 20 48 8b ea 8a 4d 40
  0x00007ff857b064f7:   48 83 c4 20 5d e9 73 d3 ff ff cc 40 55 48 83 ec
  0x00007ff857b06507:   20 48 8b ea 8a 4d 20 e8 61 d3 ff ff 90 48 83 c4
  0x00007ff857b06517:   20 5d c3 cc 40 55 48 83 ec 20 48 8b ea 48 83 c4
  0x00007ff857b06527:   20 5d e9 c2 d1 ff ff cc 40 55 48 83 ec 30 48 8b
  0x00007ff857b06537:   ea 48 8b 01 8b 10 48 89 4c 24 28 89 54 24 20 4c
  0x00007ff857b06547:   8d 0d 63 d6 ff ff 4c 8b 45 70 8b 55 68 48 8b 4d
  0x00007ff857b06557:   60 e8 03 d1 ff ff 90 48 83 c4 30 5d c3 cc cc cc
  0x00007ff857b06567:   cc cc cc cc cc cc cc cc cc 40 53 48 83 ec 20 48
  0x00007ff857b06577:   8b 1d 8b 34 01 00 48 85 db 74 16 e8 89 8f ff ff
=>0x00007ff857b06587:   4c 8b 00 48 8b d3 48 8b c8 41 ff 90 b0 00 00 00
  0x00007ff857b06597:   90 48 83 c4 20 5b c3 cc cc 40 53 48 83 ec 20 48
  0x00007ff857b065a7:   8b 1d fb 35 01 00 48 85 db 74 57 b8 ff ff ff ff
  0x00007ff857b065b7:   f0 0f c1 43 10 83 f8 01 75 3d 48 85 db 74 38 48
  0x00007ff857b065c7:   8b 0b 48 85 c9 74 0d ff 15 d4 0c 00 00 48 c7 03
  0x00007ff857b065d7:   00 00 00 00 48 8b 4b 08 48 85 c9 74 0d e8 33 ce
  0x00007ff857b065e7:   ff ff 48 c7 43 08 00 00 00 00 ba 18 00 00 00 48
  0x00007ff857b065f7:   8b cb e8 1e ce ff ff 48 c7 05 9f 35 01 00 00 00
  0x00007ff857b06607:   00 00 48 83 c4 20 5b c3 cc 40 53 48 83 ec 20 48
  0x00007ff857b06617:   8b 1d 6b 35 01 00 48 85 db 74 57 b8 ff ff ff ff
  0x00007ff857b06627:   f0 0f c1 43 10 83 f8 01 75 3d 48 85 db 74 38 48
  0x00007ff857b06637:   8b 0b 48 85 c9 74 0d ff 15 64 0c 00 00 48 c7 03
  0x00007ff857b06647:   00 00 00 00 48 8b 4b 08 48 85 c9 74 0d e8 c3 cd
  0x00007ff857b06657:   ff ff 48 c7 43 08 00 00 00 00 ba 18 00 00 00 48
  0x00007ff857b06667:   8b cb e8 ae cd ff ff 48 c7 05 0f 35 01 00 00 00
  0x00007ff857b06677:   00 00 48 83 c4 20 5b c3 cc 40 53 48 83 ec 20 48


Stack slot to memory mapping:

stack at sp + 0 slots: 0x0 is null
stack at sp + 1 slots: 0x0000026600000000 is pointing into metadata
stack at sp + 2 slots: 0x0000026613a62cc0 points into unknown readable memory: 0x0000026613a66210 | 10 62 a6 13 66 02 00 00
stack at sp + 3 slots: 0x0000000000000001 is an unknown value
stack at sp + 4 slots: 0x0000026613a71558 points into unknown readable memory: 0x0000d3f83982e6e4 | e4 e6 82 39 f8 d3 00 00
stack at sp + 5 slots: 0x00007ff88e31bc75 ucrtbase.dll
stack at sp + 6 slots: 0x0000026613a71550 points into unknown readable memory: 0x7b034d7839851961 | 61 19 85 39 78 4d 03 7b
stack at sp + 7 slots: 0x0000026600000000 is pointing into metadata

VM_Operation (0x00000081a75ff490): Exit, mode: safepoint, requested by thread 0x000002661bf7d540


---------------  P R O C E S S  ---------------

Threads class SMR info:
_java_thread_list=0x000002661cbed3a0, length=22, elements={
0x00000265ae77d1b0, 0x00000265cd37b790, 0x00000265cd37dfe0, 0x00000265cd382460,
0x00000265cd383320, 0x00000265cd38d890, 0x00000265cd38ec90, 0x00000265cd396360,
0x00000265cd398f00, 0x00000265cd38e540, 0x00000265cd38f3e0, 0x00000265cd38fb30,
0x00000265cd390280, 0x00000265cd3909d0, 0x00000265cd391120, 0x00000265cd391870,
0x0000026613bc59f0, 0x0000026613bc9470, 0x0000026613bc2e10, 0x0000026613bc7e80,
0x000002661bf7d540, 0x000002661b888c30
}

Java Threads: ( => current thread )
  0x00000265ae77d1b0 JavaThread "main"                              [_thread_blocked, id=11092, stack(0x00000081a7800000,0x00000081a7900000) (1024K)]
  0x00000265cd37b790 JavaThread "Reference Handler"          daemon [_thread_blocked, id=7456, stack(0x00000081a8000000,0x00000081a8100000) (1024K)]
  0x00000265cd37dfe0 JavaThread "Finalizer"                  daemon [_thread_blocked, id=14204, stack(0x00000081a8100000,0x00000081a8200000) (1024K)]
  0x00000265cd382460 JavaThread "Signal Dispatcher"          daemon [_thread_blocked, id=9272, stack(0x00000081a8200000,0x00000081a8300000) (1024K)]
  0x00000265cd383320 JavaThread "Attach Listener"            daemon [_thread_blocked, id=4164, stack(0x00000081a8300000,0x00000081a8400000) (1024K)]
  0x00000265cd38d890 JavaThread "Service Thread"             daemon [_thread_blocked, id=15916, stack(0x00000081a8400000,0x00000081a8500000) (1024K)]
  0x00000265cd38ec90 JavaThread "Monitor Deflation Thread"   daemon [_thread_blocked, id=9064, stack(0x00000081a8500000,0x00000081a8600000) (1024K)]
  0x00000265cd396360 JavaThread "C2 CompilerThread0"         daemon [_thread_blocked, id=14476, stack(0x00000081a8600000,0x00000081a8700000) (1024K)]
  0x00000265cd398f00 JavaThread "C1 CompilerThread0"         daemon [_thread_blocked, id=9292, stack(0x00000081a8700000,0x00000081a8800000) (1024K)]
  0x00000265cd38e540 JavaThread "Common-Cleaner"             daemon [_thread_blocked, id=12640, stack(0x00000081a8800000,0x00000081a8900000) (1024K)]
  0x00000265cd38f3e0 JavaThread "Monitor Ctrl-Break"         daemon [_thread_in_native, id=9208, stack(0x00000081a8a00000,0x00000081a8b00000) (1024K)]
  0x00000265cd38fb30 JavaThread "Notification Thread"        daemon [_thread_blocked, id=11156, stack(0x00000081a8b00000,0x00000081a8c00000) (1024K)]
  0x00000265cd390280 JavaThread "JavaFX-Launcher"                   [_thread_blocked, id=9432, stack(0x00000081a8c00000,0x00000081a8d00000) (1024K)]
  0x00000265cd3909d0 JavaThread "QuantumRenderer-0"          daemon [_thread_blocked, id=14704, stack(0x00000081a8d00000,0x00000081a8e00000) (1024K)]
  0x00000265cd391120 JavaThread "InvokeLaterDispatcher"      daemon [_thread_blocked, id=12340, stack(0x00000081a8e00000,0x00000081a8f00000) (1024K)]
  0x00000265cd391870 JavaThread "JavaFX Application Thread"         [_thread_in_native, id=1276, stack(0x00000081a8f00000,0x00000081a9000000) (1024K)]
  0x0000026613bc59f0 JavaThread "Thread-2"                   daemon [_thread_in_native, id=7756, stack(0x00000081a9300000,0x00000081a9400000) (1024K)]
  0x0000026613bc9470 JavaThread "PostgreSQL-JDBC-Cleaner"    daemon [_thread_blocked, id=9028, stack(0x00000081a9e00000,0x00000081a9f00000) (1024K)]
  0x0000026613bc2e10 JavaThread "Prism Font Disposer"        daemon [_thread_blocked, id=5496, stack(0x00000081aa100000,0x00000081aa200000) (1024K)]
  0x0000026613bc7e80 JavaThread "Cleaner-0"                  daemon [_thread_blocked, id=13848, stack(0x00000081aa300000,0x00000081aa400000) (1024K)]
  0x000002661bf7d540 JavaThread "SIGINT handler"             daemon [_thread_blocked, id=16052, stack(0x00000081a7500000,0x00000081a7600000) (1024K)]
  0x000002661b888c30 JavaThread "C2 CompilerThread1"         daemon [_thread_blocked, id=10828, stack(0x00000081a7700000,0x00000081a7800000) (1024K)]
Total: 22

Other Threads:
=>0x00000265cd36b440 VMThread "VM Thread"                           [id=9648, stack(0x00000081a7f00000,0x00000081a8000000) (1024K)]
  0x00000265aea0c170 WorkerThread "GC Thread#0"                     [id=11724, stack(0x00000081a7900000,0x00000081a7a00000) (1024K)]
  0x00000266141916c0 WorkerThread "GC Thread#1"                     [id=10580, stack(0x00000081a9500000,0x00000081a9600000) (1024K)]
  0x0000026614191a70 WorkerThread "GC Thread#2"                     [id=8576, stack(0x00000081a9600000,0x00000081a9700000) (1024K)]
  0x0000026614031fe0 WorkerThread "GC Thread#3"                     [id=4684, stack(0x00000081a9700000,0x00000081a9800000) (1024K)]
  0x00000266140327a0 WorkerThread "GC Thread#4"                     [id=14928, stack(0x00000081a9800000,0x00000081a9900000) (1024K)]
  0x000002661417fe90 WorkerThread "GC Thread#5"                     [id=6976, stack(0x00000081a9900000,0x00000081a9a00000) (1024K)]
  0x0000026614180240 WorkerThread "GC Thread#6"                     [id=1640, stack(0x00000081a9a00000,0x00000081a9b00000) (1024K)]
  0x0000026613eaeb30 WorkerThread "GC Thread#7"                     [id=10628, stack(0x00000081a9b00000,0x00000081a9c00000) (1024K)]
  0x00000265aea20d10 ConcurrentGCThread "G1 Main Marker"            terminated
  0x00000265aea22710 WorkerThread "G1 Conc#0"                       [id=11888, stack(0x00000081a7b00000,0x00000081a7c00000) (1024K)]
  0x0000026613eaf9f0 WorkerThread "G1 Conc#1"                       [id=14020, stack(0x00000081a9c00000,0x00000081a9d00000) (1024K)]
  0x00000265aea6dac0 ConcurrentGCThread "G1 Refine#0"               terminated
  0x00000265aea6e4e0 ConcurrentGCThread "G1 Service"                terminated
Total: 14

Threads with active compile tasks:
C2 CompilerThread0  128635 12451       4       org.springframework.beans.factory.support.AbstractBeanFactory::isFactoryBean (71 bytes)
Total: 1

VM state: at safepoint (shutting down)

VM Mutex/Monitor currently owned by a thread:  ([mutex/lock_event])
[0x00007ff824c24270] ThreadsLockThrottle_lock - owner thread: 0x00000265cd382460
[0x00007ff824c244f0] Threads_lock - owner thread: 0x00000265cd36b440
[0x00007ff824c245f0] Heap_lock - owner thread: 0x000002661bf7d540

Heap address: 0x0000000081e00000, size: 2018 MB, Compressed Oops mode: 32-bit

CDS archive(s) mapped at: [0x00000265ce000000-0x00000265ced40000-0x00000265ced40000), size 13893632, SharedBaseAddress: 0x00000265ce000000, ArchiveRelocationMode: 1.
Compressed class space mapped at: 0x00000265cf000000-0x000002660f000000, reserved size: 1073741824
UseCompressedClassPointers 1, UseCompactObjectHeaders 0
Narrow klass pointer bits 32, Max shift 3
Narrow klass base: 0x00000265ce000000, Narrow klass shift: 0
Encoding Range: [0x00000265ce000000 - 0x00000266ce000000), (4294967296 bytes)
Klass Range:    [0x00000265ce000000 - 0x000002660f000000), (1090519040 bytes)
Klass ID Range:  [8 - 1090519033) (1090519025)

GC Precious Log:
 CardTable entry size: 512
 Card Set container configuration: InlinePtr #cards 5 size 8 Array Of Cards #cards 10 size 36 Howl #buckets 4 coarsen threshold 1843 Howl Bitmap #cards 512 size 80 coarsen threshold 460 Card regions per heap region 1 cards per card region 2048
 CPUs: 8 total, 8 available
 Memory: 8067M
 Large Page Support: Disabled
 NUMA Support: Disabled
 Compressed Oops: Enabled (32-bit)
 Heap Region Size: 1M
 Heap Min Capacity: 8M
 Heap Initial Capacity: 128M
 Heap Max Capacity: 2018M
 Pre-touch: Disabled
 Parallel Workers: 8
 Concurrent Workers: 2
 Concurrent Refinement Workers: 8
 Periodic GC: Disabled

Heap:
 garbage-first heap   total reserved 2066432K, committed 263168K, used 167013K [0x0000000081e00000, 0x0000000100000000)
  region size 1024K, 12 young (12288K), 7 survivors (7168K)
 Metaspace       used 77812K, committed 78400K, reserved 1179648K
  class space    used 9520K, committed 9792K, reserved 1048576K

Heap Regions: E=young(eden), S=young(survivor), O=old, HS=humongous(starts), HC=humongous(continues), CS=collection set, F=free, TAMS=top-at-mark-start, PB=parsable bottom
|   0|0x0000000081e00000, 0x0000000081f00000, 0x0000000081f00000|100%|HS|  |TAMS 0x0000000081e00000| PB 0x0000000081e00000| Complete |  0
|   1|0x0000000081f00000, 0x0000000082000000, 0x0000000082000000|100%|HS|  |TAMS 0x0000000081f00000| PB 0x0000000081f00000| Complete |  0
|   2|0x0000000082000000, 0x0000000082100000, 0x0000000082100000|100%| O|  |TAMS 0x0000000082000000| PB 0x0000000082000000| Untracked |  0
|   3|0x0000000082100000, 0x0000000082200000, 0x0000000082200000|100%| O|  |TAMS 0x0000000082100000| PB 0x0000000082100000| Untracked |  0
|   4|0x0000000082200000, 0x0000000082300000, 0x0000000082300000|100%| O|  |TAMS 0x0000000082200000| PB 0x0000000082200000| Untracked |  0
|   5|0x0000000082300000, 0x0000000082400000, 0x0000000082400000|100%| O|  |TAMS 0x0000000082300000| PB 0x0000000082300000| Untracked |  0
|   6|0x0000000082400000, 0x0000000082500000, 0x0000000082500000|100%| O|  |TAMS 0x0000000082400000| PB 0x0000000082400000| Untracked |  0
|   7|0x0000000082500000, 0x0000000082600000, 0x0000000082600000|100%| O|  |TAMS 0x0000000082500000| PB 0x0000000082500000| Untracked |  1
|   8|0x0000000082600000, 0x0000000082700000, 0x0000000082700000|100%| O|  |TAMS 0x0000000082600000| PB 0x0000000082600000| Untracked |  0
|   9|0x0000000082700000, 0x0000000082800000, 0x0000000082800000|100%| O|  |TAMS 0x0000000082700000| PB 0x0000000082700000| Untracked |  0
|  10|0x0000000082800000, 0x0000000082900000, 0x0000000082900000|100%| O|  |TAMS 0x0000000082800000| PB 0x0000000082800000| Untracked |  0
|  11|0x0000000082900000, 0x0000000082a00000, 0x0000000082a00000|100%| O|  |TAMS 0x0000000082900000| PB 0x0000000082900000| Untracked |  0
|  12|0x0000000082a00000, 0x0000000082b00000, 0x0000000082b00000|100%| O|  |TAMS 0x0000000082a00000| PB 0x0000000082a00000| Untracked |  0
|  13|0x0000000082b00000, 0x0000000082c00000, 0x0000000082c00000|100%| O|  |TAMS 0x0000000082b00000| PB 0x0000000082b00000| Untracked |  0
|  14|0x0000000082c00000, 0x0000000082d00000, 0x0000000082d00000|100%| O|  |TAMS 0x0000000082c00000| PB 0x0000000082c00000| Untracked |  0
|  15|0x0000000082d00000, 0x0000000082d00000, 0x0000000082e00000|  0%| F|  |TAMS 0x0000000082d00000| PB 0x0000000082d00000| Untracked |  0
|  16|0x0000000082e00000, 0x0000000082f00000, 0x0000000082f00000|100%| O|  |TAMS 0x0000000082e00000| PB 0x0000000082e00000| Untracked |  0
|  17|0x0000000082f00000, 0x0000000083000000, 0x0000000083000000|100%| O|  |TAMS 0x0000000082f00000| PB 0x0000000082f00000| Untracked |  0
|  18|0x0000000083000000, 0x0000000083100000, 0x0000000083100000|100%| O|  |TAMS 0x0000000083000000| PB 0x0000000083000000| Untracked |  0
|  19|0x0000000083100000, 0x0000000083200000, 0x0000000083200000|100%| O|  |TAMS 0x0000000083100000| PB 0x0000000083100000| Untracked |  0
|  20|0x0000000083200000, 0x0000000083300000, 0x0000000083300000|100%| O|  |TAMS 0x0000000083200000| PB 0x0000000083200000| Untracked |  0
|  21|0x0000000083300000, 0x0000000083400000, 0x0000000083400000|100%| O|  |TAMS 0x0000000083300000| PB 0x0000000083300000| Untracked |  0
|  22|0x0000000083400000, 0x0000000083500000, 0x0000000083500000|100%| O|  |TAMS 0x0000000083400000| PB 0x0000000083400000| Untracked |  0
|  23|0x0000000083500000, 0x0000000083600000, 0x0000000083600000|100%| O|  |TAMS 0x0000000083500000| PB 0x0000000083500000| Untracked |  0
|  24|0x0000000083600000, 0x0000000083700000, 0x0000000083700000|100%| O|  |TAMS 0x0000000083600000| PB 0x0000000083600000| Untracked |  0
|  25|0x0000000083700000, 0x0000000083800000, 0x0000000083800000|100%| O|  |TAMS 0x0000000083700000| PB 0x0000000083700000| Untracked |  0
|  26|0x0000000083800000, 0x0000000083900000, 0x0000000083900000|100%| O|  |TAMS 0x0000000083800000| PB 0x0000000083800000| Untracked |  0
|  27|0x0000000083900000, 0x0000000083a00000, 0x0000000083a00000|100%| O|  |TAMS 0x0000000083900000| PB 0x0000000083900000| Untracked |  0
|  28|0x0000000083a00000, 0x0000000083b00000, 0x0000000083b00000|100%| O|  |TAMS 0x0000000083a00000| PB 0x0000000083a00000| Untracked |  0
|  29|0x0000000083b00000, 0x0000000083c00000, 0x0000000083c00000|100%|HS|  |TAMS 0x0000000083b00000| PB 0x0000000083b00000| Complete |  0
|  30|0x0000000083c00000, 0x0000000083d00000, 0x0000000083d00000|100%|HC|  |TAMS 0x0000000083c00000| PB 0x0000000083c00000| Complete |  0
|  31|0x0000000083d00000, 0x0000000083e00000, 0x0000000083e00000|100%|HC|  |TAMS 0x0000000083d00000| PB 0x0000000083d00000| Complete |  0
|  32|0x0000000083e00000, 0x0000000083f00000, 0x0000000083f00000|100%|HC|  |TAMS 0x0000000083e00000| PB 0x0000000083e00000| Complete |  0
|  33|0x0000000083f00000, 0x0000000084000000, 0x0000000084000000|100%|HS|  |TAMS 0x0000000083f00000| PB 0x0000000083f00000| Complete |  0
|  34|0x0000000084000000, 0x0000000084100000, 0x0000000084100000|100%|HC|  |TAMS 0x0000000084000000| PB 0x0000000084000000| Complete |  0
|  35|0x0000000084100000, 0x0000000084200000, 0x0000000084200000|100%|HC|  |TAMS 0x0000000084100000| PB 0x0000000084100000| Complete |  0
|  36|0x0000000084200000, 0x0000000084300000, 0x0000000084300000|100%|HC|  |TAMS 0x0000000084200000| PB 0x0000000084200000| Complete |  0
|  37|0x0000000084300000, 0x0000000084400000, 0x0000000084400000|100%|HC|  |TAMS 0x0000000084300000| PB 0x0000000084300000| Complete |  0
|  38|0x0000000084400000, 0x0000000084500000, 0x0000000084500000|100%|HC|  |TAMS 0x0000000084400000| PB 0x0000000084400000| Complete |  0
|  39|0x0000000084500000, 0x0000000084600000, 0x0000000084600000|100%|HC|  |TAMS 0x0000000084500000| PB 0x0000000084500000| Complete |  0
|  40|0x0000000084600000, 0x0000000084700000, 0x0000000084700000|100%| O|  |TAMS 0x0000000084600000| PB 0x0000000084600000| Untracked |  0
|  41|0x0000000084700000, 0x0000000084800000, 0x0000000084800000|100%| O|  |TAMS 0x0000000084700000| PB 0x0000000084700000| Untracked |  0
|  42|0x0000000084800000, 0x0000000084900000, 0x0000000084900000|100%| O|  |TAMS 0x0000000084800000| PB 0x0000000084800000| Untracked |  0
|  43|0x0000000084900000, 0x0000000084a00000, 0x0000000084a00000|100%| O|  |TAMS 0x0000000084900000| PB 0x0000000084900000| Untracked |  0
|  44|0x0000000084a00000, 0x0000000084b00000, 0x0000000084b00000|100%| O|  |TAMS 0x0000000084a00000| PB 0x0000000084a00000| Untracked |  0
|  45|0x0000000084b00000, 0x0000000084c00000, 0x0000000084c00000|100%| O|  |TAMS 0x0000000084b00000| PB 0x0000000084b00000| Untracked |  0
|  46|0x0000000084c00000, 0x0000000084d00000, 0x0000000084d00000|100%| O|  |TAMS 0x0000000084c00000| PB 0x0000000084c00000| Untracked |  0
|  47|0x0000000084d00000, 0x0000000084d00000, 0x0000000084e00000|  0%| F|  |TAMS 0x0000000084d00000| PB 0x0000000084d00000| Untracked |  0
|  48|0x0000000084e00000, 0x0000000084e00000, 0x0000000084f00000|  0%| F|  |TAMS 0x0000000084e00000| PB 0x0000000084e00000| Untracked |  0
|  49|0x0000000084f00000, 0x0000000084f00000, 0x0000000085000000|  0%| F|  |TAMS 0x0000000084f00000| PB 0x0000000084f00000| Untracked |  0
|  50|0x0000000085000000, 0x0000000085000000, 0x0000000085100000|  0%| F|  |TAMS 0x0000000085000000| PB 0x0000000085000000| Untracked |  0
|  51|0x0000000085100000, 0x0000000085100000, 0x0000000085200000|  0%| F|  |TAMS 0x0000000085100000| PB 0x0000000085100000| Untracked |  0
|  52|0x0000000085200000, 0x0000000085200000, 0x0000000085300000|  0%| F|  |TAMS 0x0000000085200000| PB 0x0000000085200000| Untracked |  0
|  53|0x0000000085300000, 0x0000000085400000, 0x0000000085400000|100%|HS|  |TAMS 0x0000000085300000| PB 0x0000000085300000| Complete |  0
|  54|0x0000000085400000, 0x0000000085500000, 0x0000000085500000|100%|HC|  |TAMS 0x0000000085400000| PB 0x0000000085400000| Complete |  0
|  55|0x0000000085500000, 0x0000000085600000, 0x0000000085600000|100%|HC|  |TAMS 0x0000000085500000| PB 0x0000000085500000| Complete |  0
|  56|0x0000000085600000, 0x0000000085700000, 0x0000000085700000|100%|HC|  |TAMS 0x0000000085600000| PB 0x0000000085600000| Complete |  0
|  57|0x0000000085700000, 0x0000000085800000, 0x0000000085800000|100%|HC|  |TAMS 0x0000000085700000| PB 0x0000000085700000| Complete |  0
|  58|0x0000000085800000, 0x0000000085900000, 0x0000000085900000|100%|HC|  |TAMS 0x0000000085800000| PB 0x0000000085800000| Complete |  0
|  59|0x0000000085900000, 0x0000000085a00000, 0x0000000085a00000|100%|HC|  |TAMS 0x0000000085900000| PB 0x0000000085900000| Complete |  0
|  60|0x0000000085a00000, 0x0000000085b00000, 0x0000000085b00000|100%|HC|  |TAMS 0x0000000085a00000| PB 0x0000000085a00000| Complete |  0
|  61|0x0000000085b00000, 0x0000000085c00000, 0x0000000085c00000|100%|HC|  |TAMS 0x0000000085b00000| PB 0x0000000085b00000| Complete |  0
|  62|0x0000000085c00000, 0x0000000085d00000, 0x0000000085d00000|100%|HC|  |TAMS 0x0000000085c00000| PB 0x0000000085c00000| Complete |  0
|  63|0x0000000085d00000, 0x0000000085e00000, 0x0000000085e00000|100%|HC|  |TAMS 0x0000000085d00000| PB 0x0000000085d00000| Complete |  0
|  64|0x0000000085e00000, 0x0000000085f00000, 0x0000000085f00000|100%|HC|  |TAMS 0x0000000085e00000| PB 0x0000000085e00000| Complete |  0
|  65|0x0000000085f00000, 0x0000000086000000, 0x0000000086000000|100%|HC|  |TAMS 0x0000000085f00000| PB 0x0000000085f00000| Complete |  0
|  66|0x0000000086000000, 0x0000000086100000, 0x0000000086100000|100%|HC|  |TAMS 0x0000000086000000| PB 0x0000000086000000| Complete |  0
|  67|0x0000000086100000, 0x0000000086200000, 0x0000000086200000|100%|HC|  |TAMS 0x0000000086100000| PB 0x0000000086100000| Complete |  0
|  68|0x0000000086200000, 0x0000000086300000, 0x0000000086300000|100%|HC|  |TAMS 0x0000000086200000| PB 0x0000000086200000| Complete |  0
|  69|0x0000000086300000, 0x0000000086400000, 0x0000000086400000|100%|HC|  |TAMS 0x0000000086300000| PB 0x0000000086300000| Complete |  0
|  70|0x0000000086400000, 0x0000000086500000, 0x0000000086500000|100%|HC|  |TAMS 0x0000000086400000| PB 0x0000000086400000| Complete |  0
|  71|0x0000000086500000, 0x0000000086600000, 0x0000000086600000|100%|HC|  |TAMS 0x0000000086500000| PB 0x0000000086500000| Complete |  0
|  72|0x0000000086600000, 0x0000000086700000, 0x0000000086700000|100%|HC|  |TAMS 0x0000000086600000| PB 0x0000000086600000| Complete |  0
|  73|0x0000000086700000, 0x0000000086800000, 0x0000000086800000|100%|HC|  |TAMS 0x0000000086700000| PB 0x0000000086700000| Complete |  0
|  74|0x0000000086800000, 0x0000000086900000, 0x0000000086900000|100%|HC|  |TAMS 0x0000000086800000| PB 0x0000000086800000| Complete |  0
|  75|0x0000000086900000, 0x0000000086a00000, 0x0000000086a00000|100%|HC|  |TAMS 0x0000000086900000| PB 0x0000000086900000| Complete |  0
|  76|0x0000000086a00000, 0x0000000086b00000, 0x0000000086b00000|100%|HC|  |TAMS 0x0000000086a00000| PB 0x0000000086a00000| Complete |  0
|  77|0x0000000086b00000, 0x0000000086c00000, 0x0000000086c00000|100%|HC|  |TAMS 0x0000000086b00000| PB 0x0000000086b00000| Complete |  0
|  78|0x0000000086c00000, 0x0000000086d00000, 0x0000000086d00000|100%|HC|  |TAMS 0x0000000086c00000| PB 0x0000000086c00000| Complete |  0
|  79|0x0000000086d00000, 0x0000000086e00000, 0x0000000086e00000|100%|HC|  |TAMS 0x0000000086d00000| PB 0x0000000086d00000| Complete |  0
|  80|0x0000000086e00000, 0x0000000086f00000, 0x0000000086f00000|100%|HC|  |TAMS 0x0000000086e00000| PB 0x0000000086e00000| Complete |  0
|  81|0x0000000086f00000, 0x0000000087000000, 0x0000000087000000|100%|HC|  |TAMS 0x0000000086f00000| PB 0x0000000086f00000| Complete |  0
|  82|0x0000000087000000, 0x0000000087100000, 0x0000000087100000|100%|HC|  |TAMS 0x0000000087000000| PB 0x0000000087000000| Complete |  0
|  83|0x0000000087100000, 0x0000000087200000, 0x0000000087200000|100%|HC|  |TAMS 0x0000000087100000| PB 0x0000000087100000| Complete |  0
|  84|0x0000000087200000, 0x0000000087300000, 0x0000000087300000|100%|HC|  |TAMS 0x0000000087200000| PB 0x0000000087200000| Complete |  0
|  85|0x0000000087300000, 0x0000000087400000, 0x0000000087400000|100%|HC|  |TAMS 0x0000000087300000| PB 0x0000000087300000| Complete |  0
|  86|0x0000000087400000, 0x0000000087500000, 0x0000000087500000|100%|HC|  |TAMS 0x0000000087400000| PB 0x0000000087400000| Complete |  0
|  87|0x0000000087500000, 0x0000000087600000, 0x0000000087600000|100%|HC|  |TAMS 0x0000000087500000| PB 0x0000000087500000| Complete |  0
|  88|0x0000000087600000, 0x0000000087700000, 0x0000000087700000|100%|HC|  |TAMS 0x0000000087600000| PB 0x0000000087600000| Complete |  0
|  89|0x0000000087700000, 0x0000000087800000, 0x0000000087800000|100%|HC|  |TAMS 0x0000000087700000| PB 0x0000000087700000| Complete |  0
|  90|0x0000000087800000, 0x0000000087900000, 0x0000000087900000|100%|HC|  |TAMS 0x0000000087800000| PB 0x0000000087800000| Complete |  0
|  91|0x0000000087900000, 0x0000000087a00000, 0x0000000087a00000|100%|HC|  |TAMS 0x0000000087900000| PB 0x0000000087900000| Complete |  0
|  92|0x0000000087a00000, 0x0000000087b00000, 0x0000000087b00000|100%|HC|  |TAMS 0x0000000087a00000| PB 0x0000000087a00000| Complete |  0
|  93|0x0000000087b00000, 0x0000000087c00000, 0x0000000087c00000|100%|HC|  |TAMS 0x0000000087b00000| PB 0x0000000087b00000| Complete |  0
|  94|0x0000000087c00000, 0x0000000087d00000, 0x0000000087d00000|100%|HC|  |TAMS 0x0000000087c00000| PB 0x0000000087c00000| Complete |  0
|  95|0x0000000087d00000, 0x0000000087e00000, 0x0000000087e00000|100%|HC|  |TAMS 0x0000000087d00000| PB 0x0000000087d00000| Complete |  0
|  96|0x0000000087e00000, 0x0000000087f00000, 0x0000000087f00000|100%|HC|  |TAMS 0x0000000087e00000| PB 0x0000000087e00000| Complete |  0
|  97|0x0000000087f00000, 0x0000000088000000, 0x0000000088000000|100%|HC|  |TAMS 0x0000000087f00000| PB 0x0000000087f00000| Complete |  0
|  98|0x0000000088000000, 0x0000000088100000, 0x0000000088100000|100%|HC|  |TAMS 0x0000000088000000| PB 0x0000000088000000| Complete |  0
|  99|0x0000000088100000, 0x0000000088200000, 0x0000000088200000|100%|HC|  |TAMS 0x0000000088100000| PB 0x0000000088100000| Complete |  0
| 100|0x0000000088200000, 0x0000000088300000, 0x0000000088300000|100%|HC|  |TAMS 0x0000000088200000| PB 0x0000000088200000| Complete |  0
| 101|0x0000000088300000, 0x0000000088400000, 0x0000000088400000|100%|HC|  |TAMS 0x0000000088300000| PB 0x0000000088300000| Complete |  0
| 102|0x0000000088400000, 0x0000000088500000, 0x0000000088500000|100%|HC|  |TAMS 0x0000000088400000| PB 0x0000000088400000| Complete |  0
| 103|0x0000000088500000, 0x0000000088600000, 0x0000000088600000|100%|HC|  |TAMS 0x0000000088500000| PB 0x0000000088500000| Complete |  0
| 104|0x0000000088600000, 0x0000000088700000, 0x0000000088700000|100%|HC|  |TAMS 0x0000000088600000| PB 0x0000000088600000| Complete |  0
| 105|0x0000000088700000, 0x0000000088800000, 0x0000000088800000|100%|HS|  |TAMS 0x0000000088700000| PB 0x0000000088700000| Complete |  0
| 106|0x0000000088800000, 0x0000000088900000, 0x0000000088900000|100%|HC|  |TAMS 0x0000000088800000| PB 0x0000000088800000| Complete |  0
| 107|0x0000000088900000, 0x0000000088900000, 0x0000000088a00000|  0%| F|  |TAMS 0x0000000088900000| PB 0x0000000088900000| Untracked |  0
| 108|0x0000000088a00000, 0x0000000088a00000, 0x0000000088b00000|  0%| F|  |TAMS 0x0000000088a00000| PB 0x0000000088a00000| Untracked |  0
| 109|0x0000000088b00000, 0x0000000088b00000, 0x0000000088c00000|  0%| F|  |TAMS 0x0000000088b00000| PB 0x0000000088b00000| Untracked |  0
| 110|0x0000000088c00000, 0x0000000088c00000, 0x0000000088d00000|  0%| F|  |TAMS 0x0000000088c00000| PB 0x0000000088c00000| Untracked |  0
| 111|0x0000000088d00000, 0x0000000088d19600, 0x0000000088e00000|  9%| S|CS|TAMS 0x0000000088d00000| PB 0x0000000088d00000| Complete |  0
| 112|0x0000000088e00000, 0x0000000088f00000, 0x0000000088f00000|100%| S|CS|TAMS 0x0000000088e00000| PB 0x0000000088e00000| Complete |  0
| 113|0x0000000088f00000, 0x0000000089000000, 0x0000000089000000|100%| S|CS|TAMS 0x0000000088f00000| PB 0x0000000088f00000| Complete |  0
| 114|0x0000000089000000, 0x0000000089100000, 0x0000000089100000|100%| S|CS|TAMS 0x0000000089000000| PB 0x0000000089000000| Complete |  0
| 115|0x0000000089100000, 0x0000000089200000, 0x0000000089200000|100%| S|CS|TAMS 0x0000000089100000| PB 0x0000000089100000| Complete |  0
| 116|0x0000000089200000, 0x0000000089300000, 0x0000000089300000|100%| S|CS|TAMS 0x0000000089200000| PB 0x0000000089200000| Complete |  0
| 117|0x0000000089300000, 0x0000000089400000, 0x0000000089400000|100%| S|CS|TAMS 0x0000000089300000| PB 0x0000000089300000| Complete |  0
| 118|0x0000000089400000, 0x0000000089400000, 0x0000000089500000|  0%| F|  |TAMS 0x0000000089400000| PB 0x0000000089400000| Untracked |  0
| 119|0x0000000089500000, 0x0000000089500000, 0x0000000089600000|  0%| F|  |TAMS 0x0000000089500000| PB 0x0000000089500000| Untracked |  0
| 120|0x0000000089600000, 0x0000000089600000, 0x0000000089700000|  0%| F|  |TAMS 0x0000000089600000| PB 0x0000000089600000| Untracked |  0
| 121|0x0000000089700000, 0x0000000089700000, 0x0000000089800000|  0%| F|  |TAMS 0x0000000089700000| PB 0x0000000089700000| Untracked |  0
| 122|0x0000000089800000, 0x0000000089800000, 0x0000000089900000|  0%| F|  |TAMS 0x0000000089800000| PB 0x0000000089800000| Untracked |  0
| 123|0x0000000089900000, 0x0000000089900000, 0x0000000089a00000|  0%| F|  |TAMS 0x0000000089900000| PB 0x0000000089900000| Untracked |  0
| 124|0x0000000089a00000, 0x0000000089a00000, 0x0000000089b00000|  0%| F|  |TAMS 0x0000000089a00000| PB 0x0000000089a00000| Untracked |  0
| 125|0x0000000089b00000, 0x0000000089b00000, 0x0000000089c00000|  0%| F|  |TAMS 0x0000000089b00000| PB 0x0000000089b00000| Untracked |  0
| 126|0x0000000089c00000, 0x0000000089c00000, 0x0000000089d00000|  0%| F|  |TAMS 0x0000000089c00000| PB 0x0000000089c00000| Untracked |  0
| 127|0x0000000089d00000, 0x0000000089d00000, 0x0000000089e00000|  0%| F|  |TAMS 0x0000000089d00000| PB 0x0000000089d00000| Untracked |  0
| 128|0x0000000089e00000, 0x0000000089f00000, 0x0000000089f00000|100%|HS|  |TAMS 0x0000000089e00000| PB 0x0000000089e00000| Complete |  0
| 129|0x0000000089f00000, 0x000000008a000000, 0x000000008a000000|100%|HC|  |TAMS 0x0000000089f00000| PB 0x0000000089f00000| Complete |  0
| 130|0x000000008a000000, 0x000000008a100000, 0x000000008a100000|100%|HC|  |TAMS 0x000000008a000000| PB 0x000000008a000000| Complete |  0
| 131|0x000000008a100000, 0x000000008a200000, 0x000000008a200000|100%|HC|  |TAMS 0x000000008a100000| PB 0x000000008a100000| Complete |  0
| 132|0x000000008a200000, 0x000000008a300000, 0x000000008a300000|100%|HC|  |TAMS 0x000000008a200000| PB 0x000000008a200000| Complete |  0
| 133|0x000000008a300000, 0x000000008a400000, 0x000000008a400000|100%|HC|  |TAMS 0x000000008a300000| PB 0x000000008a300000| Complete |  0
| 134|0x000000008a400000, 0x000000008a500000, 0x000000008a500000|100%|HC|  |TAMS 0x000000008a400000| PB 0x000000008a400000| Complete |  0
| 135|0x000000008a500000, 0x000000008a600000, 0x000000008a600000|100%|HC|  |TAMS 0x000000008a500000| PB 0x000000008a500000| Complete |  0
| 136|0x000000008a600000, 0x000000008a700000, 0x000000008a700000|100%|HC|  |TAMS 0x000000008a600000| PB 0x000000008a600000| Complete |  0
| 137|0x000000008a700000, 0x000000008a800000, 0x000000008a800000|100%|HC|  |TAMS 0x000000008a700000| PB 0x000000008a700000| Complete |  0
| 138|0x000000008a800000, 0x000000008a900000, 0x000000008a900000|100%|HC|  |TAMS 0x000000008a800000| PB 0x000000008a800000| Complete |  0
| 139|0x000000008a900000, 0x000000008aa00000, 0x000000008aa00000|100%|HC|  |TAMS 0x000000008a900000| PB 0x000000008a900000| Complete |  0
| 140|0x000000008aa00000, 0x000000008ab00000, 0x000000008ab00000|100%|HC|  |TAMS 0x000000008aa00000| PB 0x000000008aa00000| Complete |  0
| 141|0x000000008ab00000, 0x000000008ac00000, 0x000000008ac00000|100%|HC|  |TAMS 0x000000008ab00000| PB 0x000000008ab00000| Complete |  0
| 142|0x000000008ac00000, 0x000000008ad00000, 0x000000008ad00000|100%|HC|  |TAMS 0x000000008ac00000| PB 0x000000008ac00000| Complete |  0
| 143|0x000000008ad00000, 0x000000008ae00000, 0x000000008ae00000|100%|HC|  |TAMS 0x000000008ad00000| PB 0x000000008ad00000| Complete |  0
| 144|0x000000008ae00000, 0x000000008af00000, 0x000000008af00000|100%|HC|  |TAMS 0x000000008ae00000| PB 0x000000008ae00000| Complete |  0
| 145|0x000000008af00000, 0x000000008b000000, 0x000000008b000000|100%|HC|  |TAMS 0x000000008af00000| PB 0x000000008af00000| Complete |  0
| 146|0x000000008b000000, 0x000000008b100000, 0x000000008b100000|100%|HC|  |TAMS 0x000000008b000000| PB 0x000000008b000000| Complete |  0
| 147|0x000000008b100000, 0x000000008b200000, 0x000000008b200000|100%|HC|  |TAMS 0x000000008b100000| PB 0x000000008b100000| Complete |  0
| 148|0x000000008b200000, 0x000000008b300000, 0x000000008b300000|100%|HC|  |TAMS 0x000000008b200000| PB 0x000000008b200000| Complete |  0
| 149|0x000000008b300000, 0x000000008b400000, 0x000000008b400000|100%|HC|  |TAMS 0x000000008b300000| PB 0x000000008b300000| Complete |  0
| 150|0x000000008b400000, 0x000000008b500000, 0x000000008b500000|100%|HC|  |TAMS 0x000000008b400000| PB 0x000000008b400000| Complete |  0
| 151|0x000000008b500000, 0x000000008b600000, 0x000000008b600000|100%|HC|  |TAMS 0x000000008b500000| PB 0x000000008b500000| Complete |  0
| 152|0x000000008b600000, 0x000000008b700000, 0x000000008b700000|100%|HC|  |TAMS 0x000000008b600000| PB 0x000000008b600000| Complete |  0
| 153|0x000000008b700000, 0x000000008b800000, 0x000000008b800000|100%|HC|  |TAMS 0x000000008b700000| PB 0x000000008b700000| Complete |  0
| 154|0x000000008b800000, 0x000000008b900000, 0x000000008b900000|100%|HC|  |TAMS 0x000000008b800000| PB 0x000000008b800000| Complete |  0
| 155|0x000000008b900000, 0x000000008ba00000, 0x000000008ba00000|100%|HC|  |TAMS 0x000000008b900000| PB 0x000000008b900000| Complete |  0
| 156|0x000000008ba00000, 0x000000008bb00000, 0x000000008bb00000|100%|HC|  |TAMS 0x000000008ba00000| PB 0x000000008ba00000| Complete |  0
| 157|0x000000008bb00000, 0x000000008bc00000, 0x000000008bc00000|100%|HC|  |TAMS 0x000000008bb00000| PB 0x000000008bb00000| Complete |  0
| 158|0x000000008bc00000, 0x000000008bd00000, 0x000000008bd00000|100%|HC|  |TAMS 0x000000008bc00000| PB 0x000000008bc00000| Complete |  0
| 159|0x000000008bd00000, 0x000000008be00000, 0x000000008be00000|100%|HC|  |TAMS 0x000000008bd00000| PB 0x000000008bd00000| Complete |  0
| 160|0x000000008be00000, 0x000000008bf00000, 0x000000008bf00000|100%|HC|  |TAMS 0x000000008be00000| PB 0x000000008be00000| Complete |  0
| 161|0x000000008bf00000, 0x000000008c000000, 0x000000008c000000|100%|HC|  |TAMS 0x000000008bf00000| PB 0x000000008bf00000| Complete |  0
| 162|0x000000008c000000, 0x000000008c100000, 0x000000008c100000|100%|HC|  |TAMS 0x000000008c000000| PB 0x000000008c000000| Complete |  0
| 163|0x000000008c100000, 0x000000008c200000, 0x000000008c200000|100%|HC|  |TAMS 0x000000008c100000| PB 0x000000008c100000| Complete |  0
| 164|0x000000008c200000, 0x000000008c300000, 0x000000008c300000|100%|HC|  |TAMS 0x000000008c200000| PB 0x000000008c200000| Complete |  0
| 165|0x000000008c300000, 0x000000008c400000, 0x000000008c400000|100%|HC|  |TAMS 0x000000008c300000| PB 0x000000008c300000| Complete |  0
| 166|0x000000008c400000, 0x000000008c500000, 0x000000008c500000|100%|HC|  |TAMS 0x000000008c400000| PB 0x000000008c400000| Complete |  0
| 167|0x000000008c500000, 0x000000008c600000, 0x000000008c600000|100%|HC|  |TAMS 0x000000008c500000| PB 0x000000008c500000| Complete |  0
| 168|0x000000008c600000, 0x000000008c700000, 0x000000008c700000|100%|HC|  |TAMS 0x000000008c600000| PB 0x000000008c600000| Complete |  0
| 169|0x000000008c700000, 0x000000008c800000, 0x000000008c800000|100%|HC|  |TAMS 0x000000008c700000| PB 0x000000008c700000| Complete |  0
| 170|0x000000008c800000, 0x000000008c900000, 0x000000008c900000|100%|HC|  |TAMS 0x000000008c800000| PB 0x000000008c800000| Complete |  0
| 171|0x000000008c900000, 0x000000008ca00000, 0x000000008ca00000|100%|HC|  |TAMS 0x000000008c900000| PB 0x000000008c900000| Complete |  0
| 172|0x000000008ca00000, 0x000000008cb00000, 0x000000008cb00000|100%|HC|  |TAMS 0x000000008ca00000| PB 0x000000008ca00000| Complete |  0
| 173|0x000000008cb00000, 0x000000008cc00000, 0x000000008cc00000|100%|HC|  |TAMS 0x000000008cb00000| PB 0x000000008cb00000| Complete |  0
| 174|0x000000008cc00000, 0x000000008cd00000, 0x000000008cd00000|100%|HC|  |TAMS 0x000000008cc00000| PB 0x000000008cc00000| Complete |  0
| 175|0x000000008cd00000, 0x000000008ce00000, 0x000000008ce00000|100%|HC|  |TAMS 0x000000008cd00000| PB 0x000000008cd00000| Complete |  0
| 176|0x000000008ce00000, 0x000000008cf00000, 0x000000008cf00000|100%|HC|  |TAMS 0x000000008ce00000| PB 0x000000008ce00000| Complete |  0
| 177|0x000000008cf00000, 0x000000008d000000, 0x000000008d000000|100%|HC|  |TAMS 0x000000008cf00000| PB 0x000000008cf00000| Complete |  0
| 178|0x000000008d000000, 0x000000008d100000, 0x000000008d100000|100%|HC|  |TAMS 0x000000008d000000| PB 0x000000008d000000| Complete |  0
| 179|0x000000008d100000, 0x000000008d200000, 0x000000008d200000|100%|HC|  |TAMS 0x000000008d100000| PB 0x000000008d100000| Complete |  0
| 180|0x000000008d200000, 0x000000008d200000, 0x000000008d300000|  0%| F|  |TAMS 0x000000008d200000| PB 0x000000008d200000| Untracked |  0
| 181|0x000000008d300000, 0x000000008d300000, 0x000000008d400000|  0%| F|  |TAMS 0x000000008d300000| PB 0x000000008d300000| Untracked |  0
| 182|0x000000008d400000, 0x000000008d400000, 0x000000008d500000|  0%| F|  |TAMS 0x000000008d400000| PB 0x000000008d400000| Untracked |  0
| 183|0x000000008d500000, 0x000000008d500000, 0x000000008d600000|  0%| F|  |TAMS 0x000000008d500000| PB 0x000000008d500000| Untracked |  0
| 184|0x000000008d600000, 0x000000008d600000, 0x000000008d700000|  0%| F|  |TAMS 0x000000008d600000| PB 0x000000008d600000| Untracked |  0
| 185|0x000000008d700000, 0x000000008d700000, 0x000000008d800000|  0%| F|  |TAMS 0x000000008d700000| PB 0x000000008d700000| Untracked |  0
| 186|0x000000008d800000, 0x000000008d800000, 0x000000008d900000|  0%| F|  |TAMS 0x000000008d800000| PB 0x000000008d800000| Untracked |  0
| 187|0x000000008d900000, 0x000000008d900000, 0x000000008da00000|  0%| F|  |TAMS 0x000000008d900000| PB 0x000000008d900000| Untracked |  0
| 188|0x000000008da00000, 0x000000008da00000, 0x000000008db00000|  0%| F|  |TAMS 0x000000008da00000| PB 0x000000008da00000| Untracked |  0
| 189|0x000000008db00000, 0x000000008db00000, 0x000000008dc00000|  0%| F|  |TAMS 0x000000008db00000| PB 0x000000008db00000| Untracked |  0
| 190|0x000000008dc00000, 0x000000008dc00000, 0x000000008dd00000|  0%| F|  |TAMS 0x000000008dc00000| PB 0x000000008dc00000| Untracked |  0
| 191|0x000000008dd00000, 0x000000008dd00000, 0x000000008de00000|  0%| F|  |TAMS 0x000000008dd00000| PB 0x000000008dd00000| Untracked |  0
| 192|0x000000008de00000, 0x000000008de00000, 0x000000008df00000|  0%| F|  |TAMS 0x000000008de00000| PB 0x000000008de00000| Untracked |  0
| 193|0x000000008df00000, 0x000000008df00000, 0x000000008e000000|  0%| F|  |TAMS 0x000000008df00000| PB 0x000000008df00000| Untracked |  0
| 194|0x000000008e000000, 0x000000008e000000, 0x000000008e100000|  0%| F|  |TAMS 0x000000008e000000| PB 0x000000008e000000| Untracked |  0
| 195|0x000000008e100000, 0x000000008e100000, 0x000000008e200000|  0%| F|  |TAMS 0x000000008e100000| PB 0x000000008e100000| Untracked |  0
| 196|0x000000008e200000, 0x000000008e200000, 0x000000008e300000|  0%| F|  |TAMS 0x000000008e200000| PB 0x000000008e200000| Untracked |  0
| 197|0x000000008e300000, 0x000000008e300000, 0x000000008e400000|  0%| F|  |TAMS 0x000000008e300000| PB 0x000000008e300000| Untracked |  0
| 198|0x000000008e400000, 0x000000008e400000, 0x000000008e500000|  0%| F|  |TAMS 0x000000008e400000| PB 0x000000008e400000| Untracked |  0
| 199|0x000000008e500000, 0x000000008e500000, 0x000000008e600000|  0%| F|  |TAMS 0x000000008e500000| PB 0x000000008e500000| Untracked |  0
| 200|0x000000008e600000, 0x000000008e600000, 0x000000008e700000|  0%| F|  |TAMS 0x000000008e600000| PB 0x000000008e600000| Untracked |  0
| 201|0x000000008e700000, 0x000000008e700000, 0x000000008e800000|  0%| F|  |TAMS 0x000000008e700000| PB 0x000000008e700000| Untracked |  0
| 202|0x000000008e800000, 0x000000008e800000, 0x000000008e900000|  0%| F|  |TAMS 0x000000008e800000| PB 0x000000008e800000| Untracked |  0
| 203|0x000000008e900000, 0x000000008e900000, 0x000000008ea00000|  0%| F|  |TAMS 0x000000008e900000| PB 0x000000008e900000| Untracked |  0
| 204|0x000000008ea00000, 0x000000008ea00000, 0x000000008eb00000|  0%| F|  |TAMS 0x000000008ea00000| PB 0x000000008ea00000| Untracked |  0
| 205|0x000000008eb00000, 0x000000008eb00000, 0x000000008ec00000|  0%| F|  |TAMS 0x000000008eb00000| PB 0x000000008eb00000| Untracked |  0
| 206|0x000000008ec00000, 0x000000008ec00000, 0x000000008ed00000|  0%| F|  |TAMS 0x000000008ec00000| PB 0x000000008ec00000| Untracked |  0
| 207|0x000000008ed00000, 0x000000008ed00000, 0x000000008ee00000|  0%| F|  |TAMS 0x000000008ed00000| PB 0x000000008ed00000| Untracked |  0
| 208|0x000000008ee00000, 0x000000008ee00000, 0x000000008ef00000|  0%| F|  |TAMS 0x000000008ee00000| PB 0x000000008ee00000| Untracked |  0
| 209|0x000000008ef00000, 0x000000008ef00000, 0x000000008f000000|  0%| F|  |TAMS 0x000000008ef00000| PB 0x000000008ef00000| Untracked |  0
| 210|0x000000008f000000, 0x000000008f000000, 0x000000008f100000|  0%| F|  |TAMS 0x000000008f000000| PB 0x000000008f000000| Untracked |  0
| 211|0x000000008f100000, 0x000000008f100000, 0x000000008f200000|  0%| F|  |TAMS 0x000000008f100000| PB 0x000000008f100000| Untracked |  0
| 212|0x000000008f200000, 0x000000008f200000, 0x000000008f300000|  0%| F|  |TAMS 0x000000008f200000| PB 0x000000008f200000| Untracked |  0
| 213|0x000000008f300000, 0x000000008f300000, 0x000000008f400000|  0%| F|  |TAMS 0x000000008f300000| PB 0x000000008f300000| Untracked |  0
| 214|0x000000008f400000, 0x000000008f400000, 0x000000008f500000|  0%| F|  |TAMS 0x000000008f400000| PB 0x000000008f400000| Untracked |  0
| 215|0x000000008f500000, 0x000000008f500000, 0x000000008f600000|  0%| F|  |TAMS 0x000000008f500000| PB 0x000000008f500000| Untracked |  0
| 216|0x000000008f600000, 0x000000008f600000, 0x000000008f700000|  0%| F|  |TAMS 0x000000008f600000| PB 0x000000008f600000| Untracked |  0
| 217|0x000000008f700000, 0x000000008f700000, 0x000000008f800000|  0%| F|  |TAMS 0x000000008f700000| PB 0x000000008f700000| Untracked |  0
| 218|0x000000008f800000, 0x000000008f800000, 0x000000008f900000|  0%| F|  |TAMS 0x000000008f800000| PB 0x000000008f800000| Untracked |  0
| 219|0x000000008f900000, 0x000000008f900000, 0x000000008fa00000|  0%| F|  |TAMS 0x000000008f900000| PB 0x000000008f900000| Untracked |  0
| 220|0x000000008fa00000, 0x000000008fa00000, 0x000000008fb00000|  0%| F|  |TAMS 0x000000008fa00000| PB 0x000000008fa00000| Untracked |  0
| 221|0x000000008fb00000, 0x000000008fb00000, 0x000000008fc00000|  0%| F|  |TAMS 0x000000008fb00000| PB 0x000000008fb00000| Untracked |  0
| 222|0x000000008fc00000, 0x000000008fc00000, 0x000000008fd00000|  0%| F|  |TAMS 0x000000008fc00000| PB 0x000000008fc00000| Untracked |  0
| 223|0x000000008fd00000, 0x000000008fd00000, 0x000000008fe00000|  0%| F|  |TAMS 0x000000008fd00000| PB 0x000000008fd00000| Untracked |  0
| 224|0x000000008fe00000, 0x000000008fe00000, 0x000000008ff00000|  0%| F|  |TAMS 0x000000008fe00000| PB 0x000000008fe00000| Untracked |  0
| 225|0x000000008ff00000, 0x000000008ff00000, 0x0000000090000000|  0%| F|  |TAMS 0x000000008ff00000| PB 0x000000008ff00000| Untracked |  0
| 226|0x0000000090000000, 0x0000000090000000, 0x0000000090100000|  0%| F|  |TAMS 0x0000000090000000| PB 0x0000000090000000| Untracked |  0
| 227|0x0000000090100000, 0x0000000090100000, 0x0000000090200000|  0%| F|  |TAMS 0x0000000090100000| PB 0x0000000090100000| Untracked |  0
| 228|0x0000000090200000, 0x0000000090200000, 0x0000000090300000|  0%| F|  |TAMS 0x0000000090200000| PB 0x0000000090200000| Untracked |  0
| 229|0x0000000090300000, 0x0000000090300000, 0x0000000090400000|  0%| F|  |TAMS 0x0000000090300000| PB 0x0000000090300000| Untracked |  0
| 230|0x0000000090400000, 0x0000000090400000, 0x0000000090500000|  0%| F|  |TAMS 0x0000000090400000| PB 0x0000000090400000| Untracked |  0
| 231|0x0000000090500000, 0x0000000090500000, 0x0000000090600000|  0%| F|  |TAMS 0x0000000090500000| PB 0x0000000090500000| Untracked |  0
| 232|0x0000000090600000, 0x0000000090600000, 0x0000000090700000|  0%| F|  |TAMS 0x0000000090600000| PB 0x0000000090600000| Untracked |  0
| 233|0x0000000090700000, 0x0000000090700000, 0x0000000090800000|  0%| F|  |TAMS 0x0000000090700000| PB 0x0000000090700000| Untracked |  0
| 234|0x0000000090800000, 0x0000000090800000, 0x0000000090900000|  0%| F|  |TAMS 0x0000000090800000| PB 0x0000000090800000| Untracked |  0
| 235|0x0000000090900000, 0x0000000090900000, 0x0000000090a00000|  0%| F|  |TAMS 0x0000000090900000| PB 0x0000000090900000| Untracked |  0
| 236|0x0000000090a00000, 0x0000000090a00000, 0x0000000090b00000|  0%| F|  |TAMS 0x0000000090a00000| PB 0x0000000090a00000| Untracked |  0
| 237|0x0000000090b00000, 0x0000000090b00000, 0x0000000090c00000|  0%| F|  |TAMS 0x0000000090b00000| PB 0x0000000090b00000| Untracked |  0
| 238|0x0000000090c00000, 0x0000000090c00000, 0x0000000090d00000|  0%| F|  |TAMS 0x0000000090c00000| PB 0x0000000090c00000| Untracked |  0
| 239|0x0000000090d00000, 0x0000000090d00000, 0x0000000090e00000|  0%| F|  |TAMS 0x0000000090d00000| PB 0x0000000090d00000| Untracked |  0
| 240|0x0000000090e00000, 0x0000000090e00000, 0x0000000090f00000|  0%| F|  |TAMS 0x0000000090e00000| PB 0x0000000090e00000| Untracked |  0
| 241|0x0000000090f00000, 0x0000000090f00000, 0x0000000091000000|  0%| F|  |TAMS 0x0000000090f00000| PB 0x0000000090f00000| Untracked |  0
| 242|0x0000000091000000, 0x0000000091000000, 0x0000000091100000|  0%| F|  |TAMS 0x0000000091000000| PB 0x0000000091000000| Untracked |  0
| 243|0x0000000091100000, 0x0000000091100000, 0x0000000091200000|  0%| F|  |TAMS 0x0000000091100000| PB 0x0000000091100000| Untracked |  0
| 244|0x0000000091200000, 0x0000000091200000, 0x0000000091300000|  0%| F|  |TAMS 0x0000000091200000| PB 0x0000000091200000| Untracked |  0
| 245|0x0000000091300000, 0x0000000091300000, 0x0000000091400000|  0%| F|  |TAMS 0x0000000091300000| PB 0x0000000091300000| Untracked |  0
| 246|0x0000000091400000, 0x0000000091400000, 0x0000000091500000|  0%| F|  |TAMS 0x0000000091400000| PB 0x0000000091400000| Untracked |  0
| 247|0x0000000091500000, 0x0000000091500000, 0x0000000091600000|  0%| F|  |TAMS 0x0000000091500000| PB 0x0000000091500000| Untracked |  0
| 248|0x0000000091600000, 0x0000000091600000, 0x0000000091700000|  0%| F|  |TAMS 0x0000000091600000| PB 0x0000000091600000| Untracked |  0
| 249|0x0000000091700000, 0x0000000091700000, 0x0000000091800000|  0%| F|  |TAMS 0x0000000091700000| PB 0x0000000091700000| Untracked |  0
| 250|0x0000000091800000, 0x0000000091800000, 0x0000000091900000|  0%| F|  |TAMS 0x0000000091800000| PB 0x0000000091800000| Untracked |  0
| 251|0x0000000091900000, 0x0000000091a00000, 0x0000000091a00000|100%| E|  |TAMS 0x0000000091900000| PB 0x0000000091900000| Complete |  0
| 252|0x0000000091a00000, 0x0000000091b00000, 0x0000000091b00000|100%| E|CS|TAMS 0x0000000091a00000| PB 0x0000000091a00000| Complete |  0
| 253|0x0000000091b00000, 0x0000000091c00000, 0x0000000091c00000|100%| E|CS|TAMS 0x0000000091b00000| PB 0x0000000091b00000| Complete |  0
| 254|0x0000000091c00000, 0x0000000091d00000, 0x0000000091d00000|100%| E|CS|TAMS 0x0000000091c00000| PB 0x0000000091c00000| Complete |  0
|2016|0x00000000ffe00000, 0x00000000fff00000, 0x00000000fff00000|100%| O|  |TAMS 0x00000000ffe00000| PB 0x00000000ffe00000| Untracked |  0
|2017|0x00000000fff00000, 0x0000000100000000, 0x0000000100000000|100%| E|CS|TAMS 0x00000000fff00000| PB 0x00000000fff00000| Complete |  1

Card table byte_map: [0x00000265c8b50000,0x00000265c8f50000] _byte_map_base: 0x00000265c8741000

Marking Bits: (CMBitMap*) 0x00000265aea0c880
 Bits: [0x00000265c8f50000, 0x00000265caed8000)

Polling page: 0x00000265aee20000

Metaspace:

Usage:
  Non-class:     66.69 MB used.
      Class:      9.30 MB used.
       Both:     75.99 MB used.

Virtual space:
  Non-class space:      128.00 MB reserved,      67.00 MB ( 52%) committed,  2 nodes.
      Class space:        1.00 GB reserved,       9.56 MB ( <1%) committed,  1 nodes.
             Both:        1.12 GB reserved,      76.56 MB (  7%) committed. 

Chunk freelists:
   Non-Class:  12.77 MB
       Class:  6.44 MB
        Both:  19.20 MB

MaxMetaspaceSize: unlimited
CompressedClassSpaceSize: 1.00 GB
Initial GC threshold: 21.00 MB
Current GC threshold: 120.75 MB
CDS: on
 - commit_granule_bytes: 65536.
 - commit_granule_words: 8192.
 - virtual_space_node_default_size: 8388608.
 - enlarge_chunks_in_place: 1.
UseCompressedClassPointers 1, UseCompactObjectHeaders 0
Narrow klass pointer bits 32, Max shift 3
Narrow klass base: 0x00000265ce000000, Narrow klass shift: 0
Encoding Range: [0x00000265ce000000 - 0x00000266ce000000), (4294967296 bytes)
Klass Range:    [0x00000265ce000000 - 0x000002660f000000), (1090519040 bytes)
Klass ID Range:  [8 - 1090519033) (1090519025)


Internal statistics:

num_allocs_failed_limit: 15.
num_arena_births: 796.
num_arena_deaths: 0.
num_vsnodes_births: 3.
num_vsnodes_deaths: 0.
num_space_committed: 1225.
num_space_uncommitted: 0.
num_chunks_returned_to_freelist: 15.
num_chunks_taken_from_freelist: 3563.
num_chunk_merges: 15.
num_chunk_splits: 2655.
num_chunks_enlarged: 2200.
num_inconsistent_stats: 0.

CodeHeap 'non-profiled nmethods': size=120064Kb used=5994Kb max_used=5994Kb free=114069Kb
 bounds [0x00000265c07b0000, 0x00000265c0d90000, 0x00000265c7cf0000]
CodeHeap 'profiled nmethods': size=120000Kb used=18629Kb max_used=18629Kb free=101370Kb
 bounds [0x00000265b8cf0000, 0x00000265b9f30000, 0x00000265c0220000]
CodeHeap 'non-nmethods': size=5696Kb used=1897Kb max_used=1959Kb free=3798Kb
 bounds [0x00000265c0220000, 0x00000265c0490000, 0x00000265c07b0000]
CodeCache: size=245760Kb, used=26520Kb, max_used=26582Kb, free=219237Kb
 total_blobs=12330, nmethods=11273, adapters=960, full_count=0
Compilation: enabled, stopped_count=0, restarted_count=0

Compilation events (20 events):
Event: 127.964 Thread 0x00000265cd398f00 12458       3       ch.qos.logback.core.pattern.FormattingConverter::write (154 bytes)
Event: 127.966 Thread 0x00000265cd398f00 nmethod 12458 0x00000265b9f1b488 code [0x00000265b9f1b760, 0x00000265b9f1cfd8]
Event: 127.966 Thread 0x00000265cd398f00 12459       1       org.hibernate.service.spi.ServiceBinding::getLifecycleOwner (5 bytes)
Event: 127.966 Thread 0x00000265cd398f00 nmethod 12459 0x00000265c0d8a788 code [0x00000265c0d8a880, 0x00000265c0d8a948]
Event: 127.972 Thread 0x00000265cd398f00 12460       3       java.lang.StringLatin1::getChars (157 bytes)
Event: 127.973 Thread 0x00000265cd398f00 nmethod 12460 0x00000265b9f1d088 code [0x00000265b9f1d200, 0x00000265b9f1d720]
Event: 127.973 Thread 0x00000265cd398f00 12461       3       java.util.concurrent.ThreadPoolExecutor$Worker::tryAcquire (20 bytes)
Event: 127.974 Thread 0x00000265cd398f00 nmethod 12461 0x00000265b9f1d788 code [0x00000265b9f1d8c0, 0x00000265b9f1dbe8]
Event: 127.974 Thread 0x00000265cd398f00 12462       3       java.net.Socket::isClosed (8 bytes)
Event: 127.974 Thread 0x00000265cd398f00 nmethod 12462 0x00000265b9f1dc08 code [0x00000265b9f1dd20, 0x00000265b9f1ded8]
Event: 127.975 Thread 0x00000265cd398f00 12463   !   3       java.util.concurrent.ThreadPoolExecutor::getTask (177 bytes)
Event: 127.976 Thread 0x00000265cd398f00 nmethod 12463 0x00000265b9f1df08 code [0x00000265b9f1e120, 0x00000265b9f1f040]
Event: 127.976 Thread 0x00000265cd398f00 12464       3       java.util.concurrent.locks.ReentrantLock::lockInterruptibly (8 bytes)
Event: 127.976 Thread 0x00000265cd398f00 nmethod 12464 0x00000265b9f1f088 code [0x00000265b9f1f200, 0x00000265b9f1f878]
Event: 127.976 Thread 0x00000265cd398f00 12465       3       java.util.concurrent.locks.ReentrantLock$Sync::lockInterruptibly (27 bytes)
Event: 127.977 Thread 0x00000265cd398f00 nmethod 12465 0x00000265b9f1f908 code [0x00000265b9f1fa80, 0x00000265b9f20010]
Event: 127.977 Thread 0x00000265cd398f00 12466       3       jdk.internal.misc.Blocker::begin (38 bytes)
Event: 127.977 Thread 0x00000265cd398f00 nmethod 12466 0x00000265b9f20088 code [0x00000265b9f20200, 0x00000265b9f20968]
Event: 127.979 Thread 0x00000265cd398f00 12468       3       ch.qos.logback.classic.Logger::recursiveReset (58 bytes)
Event: 127.980 Thread 0x00000265cd398f00 nmethod 12468 0x00000265b9f20a08 code [0x00000265b9f20bc0, 0x00000265b9f214f0]

GC Heap History (20 events):
Event: 6.930 GC heap before
{Heap before GC invocations=11 (full 0):
 garbage-first heap   total reserved 2066432K, committed 69632K, used 58859K [0x0000000081e00000, 0x0000000100000000)
  region size 1024K, 36 young (36864K), 5 survivors (5120K)
 Metaspace       used 60360K, committed 60864K, reserved 1114112K
  class space    used 6609K, committed 6848K, reserved 1048576K
}
Event: 6.936 GC heap after
{Heap after GC invocations=12 (full 0):
 garbage-first heap   total reserved 2066432K, committed 69632K, used 29251K [0x0000000081e00000, 0x0000000100000000)
  region size 1024K, 5 young (5120K), 5 survivors (5120K)
 Metaspace       used 60360K, committed 60864K, reserved 1114112K
  class space    used 6609K, committed 6848K, reserved 1048576K
}
Event: 6.946 GC heap before
{Heap before GC invocations=12 (full 0):
 garbage-first heap   total reserved 2066432K, committed 69632K, used 29251K [0x0000000081e00000, 0x0000000100000000)
  region size 1024K, 6 young (6144K), 5 survivors (5120K)
 Metaspace       used 60489K, committed 60928K, reserved 1114112K
  class space    used 6646K, committed 6848K, reserved 1048576K
}
Event: 6.950 GC heap after
{Heap after GC invocations=13 (full 0):
 garbage-first heap   total reserved 2066432K, committed 69632K, used 29250K [0x0000000081e00000, 0x0000000100000000)
  region size 1024K, 3 young (3072K), 3 survivors (3072K)
 Metaspace       used 60489K, committed 60928K, reserved 1114112K
  class space    used 6646K, committed 6848K, reserved 1048576K
}
Event: 7.134 GC heap before
{Heap before GC invocations=14 (full 0):
 garbage-first heap   total reserved 2066432K, committed 69632K, used 57922K [0x0000000081e00000, 0x0000000100000000)
  region size 1024K, 31 young (31744K), 3 survivors (3072K)
 Metaspace       used 61306K, committed 61824K, reserved 1114112K
  class space    used 6932K, committed 7168K, reserved 1048576K
}
Event: 7.137 GC heap after
{Heap after GC invocations=15 (full 0):
 garbage-first heap   total reserved 2066432K, committed 69632K, used 30106K [0x0000000081e00000, 0x0000000100000000)
  region size 1024K, 3 young (3072K), 3 survivors (3072K)
 Metaspace       used 61306K, committed 61824K, reserved 1114112K
  class space    used 6932K, committed 7168K, reserved 1048576K
}
Event: 7.489 GC heap before
{Heap before GC invocations=15 (full 0):
 garbage-first heap   total reserved 2066432K, committed 69632K, used 59802K [0x0000000081e00000, 0x0000000100000000)
  region size 1024K, 33 young (33792K), 3 survivors (3072K)
 Metaspace       used 62885K, committed 63424K, reserved 1114112K
  class space    used 7193K, committed 7424K, reserved 1048576K
}
Event: 7.493 GC heap after
{Heap after GC invocations=16 (full 0):
 garbage-first heap   total reserved 2066432K, committed 69632K, used 31509K [0x0000000081e00000, 0x0000000100000000)
  region size 1024K, 3 young (3072K), 3 survivors (3072K)
 Metaspace       used 62885K, committed 63424K, reserved 1114112K
  class space    used 7193K, committed 7424K, reserved 1048576K
}
Event: 7.643 GC heap before
{Heap before GC invocations=16 (full 0):
 garbage-first heap   total reserved 2066432K, committed 69632K, used 44821K [0x0000000081e00000, 0x0000000100000000)
  region size 1024K, 17 young (17408K), 3 survivors (3072K)
 Metaspace       used 64293K, committed 64832K, reserved 1114112K
  class space    used 7476K, committed 7744K, reserved 1048576K
}
Event: 7.646 GC heap after
{Heap after GC invocations=17 (full 0):
 garbage-first heap   total reserved 2066432K, committed 83968K, used 31918K [0x0000000081e00000, 0x0000000100000000)
  region size 1024K, 2 young (2048K), 2 survivors (2048K)
 Metaspace       used 64293K, committed 64832K, reserved 1114112K
  class space    used 7476K, committed 7744K, reserved 1048576K
}
Event: 8.920 GC heap before
{Heap before GC invocations=18 (full 0):
 garbage-first heap   total reserved 2066432K, committed 117760K, used 115886K [0x0000000081e00000, 0x0000000100000000)
  region size 1024K, 27 young (27648K), 2 survivors (2048K)
 Metaspace       used 71035K, committed 71552K, reserved 1114112K
  class space    used 8729K, committed 8960K, reserved 1048576K
}
Event: 8.938 GC heap after
{Heap after GC invocations=19 (full 0):
 garbage-first heap   total reserved 2066432K, committed 123904K, used 94517K [0x0000000081e00000, 0x0000000100000000)
  region size 1024K, 6 young (6144K), 6 survivors (6144K)
 Metaspace       used 71035K, committed 71552K, reserved 1114112K
  class space    used 8729K, committed 8960K, reserved 1048576K
}
Event: 11.841 GC heap before
{Heap before GC invocations=19 (full 0):
 garbage-first heap   total reserved 2066432K, committed 177152K, used 166197K [0x0000000081e00000, 0x0000000100000000)
  region size 1024K, 17 young (17408K), 6 survivors (6144K)
 Metaspace       used 72172K, committed 72704K, reserved 1114112K
  class space    used 8903K, committed 9088K, reserved 1048576K
}
Event: 11.849 GC heap after
{Heap after GC invocations=20 (full 0):
 garbage-first heap   total reserved 2066432K, committed 177152K, used 155626K [0x0000000081e00000, 0x0000000100000000)
  region size 1024K, 2 young (2048K), 2 survivors (2048K)
 Metaspace       used 72172K, committed 72704K, reserved 1114112K
  class space    used 8903K, committed 9088K, reserved 1048576K
}
Event: 18.729 GC heap before
{Heap before GC invocations=20 (full 0):
 garbage-first heap   total reserved 2066432K, committed 177152K, used 163818K [0x0000000081e00000, 0x0000000100000000)
  region size 1024K, 10 young (10240K), 2 survivors (2048K)
 Metaspace       used 73530K, committed 74176K, reserved 1114112K
  class space    used 9022K, committed 9280K, reserved 1048576K
}
Event: 18.732 GC heap after
{Heap after GC invocations=21 (full 0):
 garbage-first heap   total reserved 2066432K, committed 177152K, used 156876K [0x0000000081e00000, 0x0000000100000000)
  region size 1024K, 2 young (2048K), 2 survivors (2048K)
 Metaspace       used 73530K, committed 74176K, reserved 1114112K
  class space    used 9022K, committed 9280K, reserved 1048576K
}
Event: 34.254 GC heap before
{Heap before GC invocations=22 (full 0):
 garbage-first heap   total reserved 2066432K, committed 263168K, used 166092K [0x0000000081e00000, 0x0000000100000000)
  region size 1024K, 12 young (12288K), 2 survivors (2048K)
 Metaspace       used 74243K, committed 74880K, reserved 1179648K
  class space    used 9048K, committed 9344K, reserved 1048576K
}
Event: 34.257 GC heap after
{Heap after GC invocations=23 (full 0):
 garbage-first heap   total reserved 2066432K, committed 263168K, used 158537K [0x0000000081e00000, 0x0000000100000000)
  region size 1024K, 2 young (2048K), 2 survivors (2048K)
 Metaspace       used 74243K, committed 74880K, reserved 1179648K
  class space    used 9048K, committed 9344K, reserved 1048576K
}
Event: 103.742 GC heap before
{Heap before GC invocations=23 (full 0):
 garbage-first heap   total reserved 2066432K, committed 263168K, used 244553K [0x0000000081e00000, 0x0000000100000000)
  region size 1024K, 86 young (88064K), 2 survivors (2048K)
 Metaspace       used 77559K, committed 78208K, reserved 1179648K
  class space    used 9478K, committed 9792K, reserved 1048576K
}
Event: 103.749 GC heap after
{Heap after GC invocations=24 (full 0):
 garbage-first heap   total reserved 2066432K, committed 263168K, used 162917K [0x0000000081e00000, 0x0000000100000000)
  region size 1024K, 7 young (7168K), 7 survivors (7168K)
 Metaspace       used 77559K, committed 78208K, reserved 1179648K
  class space    used 9478K, committed 9792K, reserved 1048576K
}

Dll operation events (20 events):
Event: 0.560 Loaded shared library C:\Users\User\.openjfx\cache\21+31\amd64\api-ms-win-crt-private-l1-1-0.dll
Event: 0.564 Loaded shared library C:\Users\User\.openjfx\cache\21+31\amd64\api-ms-win-crt-process-l1-1-0.dll
Event: 0.567 Loaded shared library C:\Users\User\.openjfx\cache\21+31\amd64\api-ms-win-crt-runtime-l1-1-0.dll
Event: 0.570 Loaded shared library C:\Users\User\.openjfx\cache\21+31\amd64\api-ms-win-crt-stdio-l1-1-0.dll
Event: 0.573 Loaded shared library C:\Users\User\.openjfx\cache\21+31\amd64\api-ms-win-crt-string-l1-1-0.dll
Event: 0.577 Loaded shared library C:\Users\User\.openjfx\cache\21+31\amd64\api-ms-win-crt-time-l1-1-0.dll
Event: 0.581 Loaded shared library C:\Users\User\.openjfx\cache\21+31\amd64\api-ms-win-crt-utility-l1-1-0.dll
Event: 0.595 Loaded shared library C:\Users\User\.openjfx\cache\21+31\amd64\ucrtbase.dll
Event: 0.599 Loaded shared library C:\Users\User\.openjfx\cache\21+31\amd64\vcruntime140.dll
Event: 0.603 Loaded shared library C:\Users\User\.openjfx\cache\21+31\amd64\vcruntime140_1.dll
Event: 0.611 Loaded shared library C:\Users\User\.openjfx\cache\21+31\amd64\msvcp140.dll
Event: 0.615 Loaded shared library C:\Users\User\.openjfx\cache\21+31\amd64\msvcp140_1.dll
Event: 0.619 Loaded shared library C:\Users\User\.openjfx\cache\21+31\amd64\msvcp140_2.dll
Event: 0.665 Loaded shared library C:\Users\User\.openjfx\cache\21+31\amd64\prism_d3d.dll
Event: 0.716 Loaded shared library C:\Users\User\.openjfx\cache\21+31\amd64\glass.dll
Event: 0.807 Loaded shared library C:\Program Files\Java\jdk-24\bin\verify.dll
Event: 3.700 Loaded shared library C:\Program Files\Java\jdk-24\bin\management.dll
Event: 3.702 Loaded shared library C:\Program Files\Java\jdk-24\bin\management_ext.dll
Event: 7.763 Loaded shared library C:\Users\User\.openjfx\cache\21+31\amd64\javafx_font.dll
Event: 7.923 Loaded shared library C:\Users\User\.openjfx\cache\21+31\amd64\javafx_iio.dll

Deoptimization events (20 events):
Event: 73.374 Thread 0x00000265cd391870 DEOPT PACKING pc=0x00000265c0cfe0cc sp=0x00000081a8ffcc40
Event: 73.374 Thread 0x00000265cd391870 DEOPT UNPACKING pc=0x00000265c0335c02 sp=0x00000081a8ffcb48 mode 2
Event: 102.345 Thread 0x00000265cd391870 DEOPT PACKING pc=0x00000265b96e42e8 sp=0x00000081a8ffb4e0
Event: 102.345 Thread 0x00000265cd391870 DEOPT UNPACKING pc=0x00000265c0275722 sp=0x00000081a8ffa950 mode 0
Event: 103.749 Thread 0x00000265cd391870 Uncommon trap: trap_request=0xfffffff4 fr.pc=0x00000265c08e8e48 relative=0x0000000000000228
Event: 103.749 Thread 0x00000265cd391870 Uncommon trap: reason=null_check action=make_not_entrant pc=0x00000265c08e8e48 method=java.lang.invoke.MethodType.equals(Ljava/lang/Object;)Z @ 8 c2
Event: 103.749 Thread 0x00000265cd391870 DEOPT PACKING pc=0x00000265c08e8e48 sp=0x00000081a8ff9b00
Event: 103.749 Thread 0x00000265cd391870 DEOPT UNPACKING pc=0x00000265c0335c02 sp=0x00000081a8ff9a88 mode 2
Event: 103.749 Thread 0x00000265cd391870 Uncommon trap: trap_request=0xffffff4d fr.pc=0x00000265c0917254 relative=0x00000000000039b4
Event: 103.749 Thread 0x00000265cd391870 Uncommon trap: reason=unstable_if action=reinterpret pc=0x00000265c0917254 method=java.util.concurrent.ConcurrentHashMap.get(Ljava/lang/Object;)Ljava/lang/Object; @ 76 c2
Event: 103.749 Thread 0x00000265cd391870 DEOPT PACKING pc=0x00000265c0917254 sp=0x00000081a8ff9b30
Event: 103.749 Thread 0x00000265cd391870 DEOPT UNPACKING pc=0x00000265c0335c02 sp=0x00000081a8ff9948 mode 2
Event: 103.749 Thread 0x00000265cd391870 Uncommon trap: trap_request=0xffffffc6 fr.pc=0x00000265c09982f0 relative=0x0000000000000dd0
Event: 103.749 Thread 0x00000265cd391870 Uncommon trap: reason=bimorphic_or_optimized_type_check action=maybe_recompile pc=0x00000265c09982f0 method=java.util.concurrent.ConcurrentHashMap.putVal(Ljava/lang/Object;Ljava/lang/Object;Z)Ljava/lang/Object; @ 159 c2
Event: 103.749 Thread 0x00000265cd391870 DEOPT PACKING pc=0x00000265c09982f0 sp=0x00000081a8ff9950
Event: 103.749 Thread 0x00000265cd391870 DEOPT UNPACKING pc=0x00000265c0335c02 sp=0x00000081a8ff98d0 mode 2
Event: 127.960 Thread 0x000002661bf7b0b0 Uncommon trap: trap_request=0xffffff4d fr.pc=0x00000265c0cefb68 relative=0x0000000000000248
Event: 127.960 Thread 0x000002661bf7b0b0 Uncommon trap: reason=unstable_if action=reinterpret pc=0x00000265c0cefb68 method=java.util.ArrayList.remove(Ljava/lang/Object;)Z @ 14 c2
Event: 127.960 Thread 0x000002661bf7b0b0 DEOPT PACKING pc=0x00000265c0cefb68 sp=0x00000081a76feda0
Event: 127.960 Thread 0x000002661bf7b0b0 DEOPT UNPACKING pc=0x00000265c0335c02 sp=0x00000081a76fed78 mode 2

Classes loaded (20 events):
Event: 12.220 Loading class java/lang/FdLibm$Acos
Event: 12.220 Loading class java/lang/FdLibm$Acos done
Event: 41.359 Loading class java/util/BitSet$1BitSetSpliterator
Event: 41.359 Loading class java/util/BitSet$1BitSetSpliterator done
Event: 41.361 Loading class java/util/stream/IntPipeline$1
Event: 41.362 Loading class java/util/stream/IntPipeline$1 done
Event: 41.362 Loading class java/util/stream/IntPipeline$1$1
Event: 41.362 Loading class java/util/stream/IntPipeline$1$1 done
Event: 41.723 Loading class java/lang/FdLibm$Cbrt
Event: 41.723 Loading class java/lang/FdLibm$Cbrt done
Event: 102.312 Loading class java/util/PriorityQueue
Event: 102.316 Loading class java/util/PriorityQueue done
Event: 102.318 Loading class jdk/internal/math/FormattedFPDecimal
Event: 102.319 Loading class jdk/internal/math/FormattedFPDecimal done
Event: 127.957 Loading class jdk/internal/misc/Signal$1
Event: 127.958 Loading class jdk/internal/misc/Signal$1 done
Event: 127.966 Loading class java/util/AbstractMap$2
Event: 127.966 Loading class java/util/AbstractMap$2 done
Event: 127.969 Loading class java/util/AbstractMap$ValueIterator
Event: 127.969 Loading class java/util/AbstractMap$ValueIterator done

Classes unloaded (0 events):
No events

Classes redefined (0 events):
No events

Internal exceptions (20 events):
Event: 27.339 Thread 0x00000265cd391870 Exception <a 'java/io/FileNotFoundException'{0x0000000091cad280}> (0x0000000091cad280) 
thrown [s\open\src\hotspot\share\prims\jni.cpp, line 518]
Event: 29.259 Thread 0x00000265cd391870 Implicit null exception at 0x00000265c0b4074e to 0x00000265c0b407c8
Event: 29.259 Thread 0x00000265cd391870 Implicit null exception at 0x00000265c0b8d60a to 0x00000265c0b8d8b0
Event: 29.323 Thread 0x00000265cd391870 Exception <a 'java/io/FileNotFoundException'{0x00000000919de6e0}> (0x00000000919de6e0) 
thrown [s\open\src\hotspot\share\prims\jni.cpp, line 518]
Event: 29.325 Thread 0x00000265cd391870 Exception <a 'java/io/FileNotFoundException'{0x00000000919e0030}> (0x00000000919e0030) 
thrown [s\open\src\hotspot\share\prims\jni.cpp, line 518]
Event: 29.325 Thread 0x00000265cd391870 Exception <a 'java/io/FileNotFoundException'{0x00000000919e1998}> (0x00000000919e1998) 
thrown [s\open\src\hotspot\share\prims\jni.cpp, line 518]
Event: 29.325 Thread 0x00000265cd391870 Exception <a 'java/io/FileNotFoundException'{0x00000000919e32d8}> (0x00000000919e32d8) 
thrown [s\open\src\hotspot\share\prims\jni.cpp, line 518]
Event: 32.385 Thread 0x00000265cd391870 Exception <a 'java/lang/NoSuchMethodError'{0x000000009160fff0}: 'java.lang.Object java.lang.invoke.DirectMethodHandle$Holder.newInvokeSpecial(java.lang.Object, java.lang.Object, int, int, int, int, int, java.lang.Object)'> (0x000000009160fff0) 
thrown [s\open\src\hotspot\share\interpreter\linkResolver.cpp, line 805]
Event: 32.386 Thread 0x00000265cd391870 Exception <a 'java/lang/NoSuchMethodError'{0x0000000091638f90}: 'java.lang.Object java.lang.invoke.DirectMethodHandle$Holder.newInvokeSpecial(java.lang.Object, java.lang.Object, java.lang.Object, int, int, int, int, int)'> (0x0000000091638f90) 
thrown [s\open\src\hotspot\share\interpreter\linkResolver.cpp, line 805]
Event: 32.387 Thread 0x00000265cd391870 Exception <a 'java/lang/NoSuchMethodError'{0x00000000916497f8}: 'java.lang.Object java.lang.invoke.Invokers$Holder.linkToTargetMethod(java.lang.Object, java.lang.Object, int, int, int, int, int, java.lang.Object)'> (0x00000000916497f8) 
thrown [s\open\src\hotspot\share\interpreter\linkResolver.cpp, line 805]
Event: 41.304 Thread 0x00000265cd391870 Implicit null exception at 0x00000265c09714b6 to 0x00000265c0971bdc
Event: 41.622 Thread 0x00000265cd3909d0 Implicit null exception at 0x00000265c0bd11ce to 0x00000265c0bd123c
Event: 55.867 Thread 0x00000265cd391870 Exception <a 'java/lang/NoSuchMethodError'{0x000000008def24a8}: 'void java.lang.invoke.DirectMethodHandle$Holder.invokeSpecial(java.lang.Object, java.lang.Object, int, int)'> (0x000000008def24a8) 
thrown [s\open\src\hotspot\share\interpreter\linkResolver.cpp, line 805]
Event: 55.868 Thread 0x00000265cd391870 Exception <a 'java/lang/NoSuchMethodError'{0x000000008dd01c30}: 'java.lang.Object java.lang.invoke.DirectMethodHandle$Holder.newInvokeSpecial(java.lang.Object, java.lang.Object, int, int)'> (0x000000008dd01c30) 
thrown [s\open\src\hotspot\share\interpreter\linkResolver.cpp, line 805]
Event: 73.291 Thread 0x00000265cd391870 Exception <a 'java/lang/NoSuchMethodError'{0x0000000089a12950}: 'java.lang.Object java.lang.invoke.DirectMethodHandle$Holder.invokeInterface(java.lang.Object, java.lang.Object, java.lang.Object, java.lang.Object, java.lang.Object)'> (0x0000000089a12950) 
thrown [s\open\src\hotspot\share\interpreter\linkResolver.cpp, line 805]
Event: 73.344 Thread 0x00000265cd391870 Exception <a 'java/lang/NoSuchMethodError'{0x000000008998ee90}: 'java.lang.Object java.lang.invoke.Invokers$Holder.linkToTargetMethod(java.lang.Object, int, java.lang.Object, java.lang.Object, java.lang.Object, java.lang.Object)'> (0x000000008998ee90) 
thrown [s\open\src\hotspot\share\interpreter\linkResolver.cpp, line 805]
Event: 73.345 Thread 0x00000265cd391870 Exception <a 'java/lang/NoSuchMethodError'{0x00000000899a8b30}: 'int java.lang.invoke.DirectMethodHandle$Holder.invokeStatic(java.lang.Object, java.lang.Object, int, java.lang.Object)'> (0x00000000899a8b30) 
thrown [s\open\src\hotspot\share\interpreter\linkResolver.cpp, line 805]
Event: 102.316 Thread 0x00000265cd391870 Exception <a 'java/lang/NoSuchMethodError'{0x0000000089545638}: 'double java.lang.invoke.DirectMethodHandle$Holder.invokeStatic(java.lang.Object, java.lang.Object)'> (0x0000000089545638) 
thrown [s\open\src\hotspot\share\interpreter\linkResolver.cpp, line 805]
Event: 103.749 Thread 0x00000265cd391870 Implicit null exception at 0x00000265c08e8c56 to 0x00000265c08e8e38
Event: 103.757 Thread 0x00000265cd391870 Exception <a 'java/lang/NoSuchMethodError'{0x00000000fff7f830}: 'int java.lang.invoke.DirectMethodHandle$Holder.invokeStatic(java.lang.Object, java.lang.Object, int, int)'> (0x00000000fff7f830) 
thrown [s\open\src\hotspot\share\interpreter\linkResolver.cpp, line 805]

VM Operations (20 events):
Event: 41.721 Executing VM operation: HandshakeAllThreads (Deoptimize) done
Event: 60.168 Executing VM operation: HandshakeAllThreads (HandshakeForDeflation)
Event: 60.168 Executing VM operation: HandshakeAllThreads (HandshakeForDeflation) done
Event: 60.168 Executing VM operation: RendezvousGCThreads
Event: 60.168 Executing VM operation: RendezvousGCThreads done
Event: 73.313 Executing VM operation: HandshakeAllThreads (Deoptimize)
Event: 73.313 Executing VM operation: HandshakeAllThreads (Deoptimize) done
Event: 103.742 Executing VM operation: G1CollectForAllocation (G1 Evacuation Pause)
Event: 103.749 Executing VM operation: G1CollectForAllocation (G1 Evacuation Pause) done
Event: 103.776 Executing VM operation: HandshakeAllThreads (Deoptimize)
Event: 103.776 Executing VM operation: HandshakeAllThreads (Deoptimize) done
Event: 103.777 Executing VM operation: HandshakeAllThreads (Deoptimize)
Event: 103.777 Executing VM operation: HandshakeAllThreads (Deoptimize) done
Event: 103.778 Executing VM operation: HandshakeAllThreads (Deoptimize)
Event: 103.778 Executing VM operation: HandshakeAllThreads (Deoptimize) done
Event: 120.329 Executing VM operation: HandshakeAllThreads (HandshakeForDeflation)
Event: 120.329 Executing VM operation: HandshakeAllThreads (HandshakeForDeflation) done
Event: 120.329 Executing VM operation: RendezvousGCThreads
Event: 120.329 Executing VM operation: RendezvousGCThreads done
Event: 127.982 Executing VM operation: Exit

Memory protections (0 events):
No events

Nmethod flushes (20 events):
Event: 18.793 Thread 0x00000265cd36b440 flushing  nmethod 0x00000265b9555808
Event: 18.793 Thread 0x00000265cd36b440 flushing  nmethod 0x00000265b96c7f88
Event: 18.793 Thread 0x00000265cd36b440 flushing  nmethod 0x00000265b96c8508
Event: 18.793 Thread 0x00000265cd36b440 flushing  nmethod 0x00000265b96ca388
Event: 18.793 Thread 0x00000265cd36b440 flushing  nmethod 0x00000265c07c5088
Event: 18.793 Thread 0x00000265cd36b440 flushing  nmethod 0x00000265b8d7fb08
Event: 18.794 Thread 0x00000265cd36b440 flushing  nmethod 0x00000265b8db2708
Event: 18.794 Thread 0x00000265cd36b440 flushing  nmethod 0x00000265b8e42f88
Event: 18.794 Thread 0x00000265cd36b440 flushing  nmethod 0x00000265b8edef88
Event: 18.794 Thread 0x00000265cd36b440 flushing  nmethod 0x00000265b8f93988
Event: 18.794 Thread 0x00000265cd36b440 flushing  nmethod 0x00000265b8fb7988
Event: 18.794 Thread 0x00000265cd36b440 flushing  nmethod 0x00000265b904ce08
Event: 18.794 Thread 0x00000265cd36b440 flushing  nmethod 0x00000265b909b408
Event: 18.794 Thread 0x00000265cd36b440 flushing  nmethod 0x00000265b90cc588
Event: 18.794 Thread 0x00000265cd36b440 flushing  nmethod 0x00000265b90cdc08
Event: 18.794 Thread 0x00000265cd36b440 flushing  nmethod 0x00000265b9195308
Event: 18.794 Thread 0x00000265cd36b440 flushing  nmethod 0x00000265b9413008
Event: 18.794 Thread 0x00000265cd36b440 flushing  nmethod 0x00000265b9644108
Event: 18.794 Thread 0x00000265cd36b440 flushing  nmethod 0x00000265b9682908
Event: 18.794 Thread 0x00000265cd36b440 flushing  nmethod 0x00000265b96cd888

Events (20 events):
Event: 56.485 Thread 0x00000265cd398f00 Thread added: 0x000002661aa7fff0
Event: 56.800 Thread 0x000002661aa7fff0 Thread exited: 0x000002661aa7fff0
Event: 57.095 Thread 0x00000265cd398f00 Thread added: 0x000002661aa7fff0
Event: 57.479 Thread 0x000002661aa7fff0 Thread exited: 0x000002661aa7fff0
Event: 59.011 Thread 0x00000265cd398f00 Thread added: 0x000002661aa7fff0
Event: 59.990 Thread 0x000002661aa7fff0 Thread exited: 0x000002661aa7fff0
Event: 127.958 Thread 0x00000265cd382460 Thread added: 0x000002661bf7d540
Event: 127.958 Thread 0x000002661bf7d540 Thread added: 0x000002661bf7b0b0
Event: 127.959 Thread 0x000002661bf7d540 Thread added: 0x000002661bf7eb30
Event: 127.959 Thread 0x000002661bf7d540 Thread added: 0x000002661bf7b800
Event: 127.959 Thread 0x000002661bf7d540 Thread added: 0x00000266198a3b80
Event: 127.959 Thread 0x000002661bf7b800 Thread exited: 0x000002661bf7b800
Event: 127.961 Thread 0x000002661bf7eb30 Thread exited: 0x000002661bf7eb30
Event: 127.962 Thread 0x00000266198a3b80 Thread exited: 0x00000266198a3b80
Event: 127.973 Thread 0x000002661bf7b0b0 Thread added: 0x000002661bf7eb30
Event: 127.973 Thread 0x0000026613bc9bc0 Thread exited: 0x0000026613bc9bc0
Event: 127.976 Thread 0x000002661bf7eb30 Thread exited: 0x000002661bf7eb30
Event: 127.980 Thread 0x00000265cd398f00 Thread added: 0x000002661b888c30
Event: 127.981 Thread 0x000002661bf7b0b0 Thread exited: 0x000002661bf7b0b0
Event: 127.981 Thread 0x000002661bf7d540 Before exit entered


Dynamic libraries:
0x00007ff6c0050000 - 0x00007ff6c0060000 	C:\Program Files\Java\jdk-24\bin\java.exe
0x00007ff890b40000 - 0x00007ff890da7000 	C:\WINDOWS\SYSTEM32\ntdll.dll
0x00007ff88f610000 - 0x00007ff88f6d9000 	C:\WINDOWS\System32\KERNEL32.DLL
0x00007ff88e420000 - 0x00007ff88e80f000 	C:\WINDOWS\System32\KERNELBASE.dll
0x00007ff88e2d0000 - 0x00007ff88e41b000 	C:\WINDOWS\System32\ucrtbase.dll
0x00007ff88abd0000 - 0x00007ff88abe6000 	C:\Program Files\Java\jdk-24\bin\jli.dll
0x00007ff888e00000 - 0x00007ff888e1b000 	C:\Program Files\Java\jdk-24\bin\VCRUNTIME140.dll
0x00007ff8908a0000 - 0x00007ff890a65000 	C:\WINDOWS\System32\USER32.dll
0x00007ff87d500000 - 0x00007ff87d793000 	C:\WINDOWS\WinSxS\amd64_microsoft.windows.common-controls_6595b64144ccf1df_6.0.26100.7309_none_3e05feeae336a044\COMCTL32.dll
0x00007ff88dc90000 - 0x00007ff88dcb7000 	C:\WINDOWS\System32\win32u.dll
0x00007ff8904f0000 - 0x00007ff890599000 	C:\WINDOWS\System32\msvcrt.dll
0x00007ff88fc20000 - 0x00007ff88fc4b000 	C:\WINDOWS\System32\GDI32.dll
0x00007ff88e1a0000 - 0x00007ff88e2cc000 	C:\WINDOWS\System32\gdi32full.dll
0x00007ff88dd50000 - 0x00007ff88ddf3000 	C:\WINDOWS\System32\msvcp_win.dll
0x00007ff8902d0000 - 0x00007ff890301000 	C:\WINDOWS\System32\IMM32.DLL
0x00007ff888df0000 - 0x00007ff888dfc000 	C:\Program Files\Java\jdk-24\bin\vcruntime140_1.dll
0x00007ff86a130000 - 0x00007ff86a1be000 	C:\Program Files\Java\jdk-24\bin\msvcp140.dll
0x00007ff823f60000 - 0x00007ff824d01000 	C:\Program Files\Java\jdk-24\bin\server\jvm.dll
0x00007ff88f480000 - 0x00007ff88f534000 	C:\WINDOWS\System32\ADVAPI32.dll
0x00007ff88ea90000 - 0x00007ff88eb36000 	C:\WINDOWS\System32\sechost.dll
0x00007ff88e8f0000 - 0x00007ff88ea08000 	C:\WINDOWS\System32\RPCRT4.dll
0x00007ff88ea10000 - 0x00007ff88ea84000 	C:\WINDOWS\System32\WS2_32.dll
0x00007ff88daf0000 - 0x00007ff88db4e000 	C:\WINDOWS\SYSTEM32\POWRPROF.dll
0x00007ff885db0000 - 0x00007ff885dbb000 	C:\WINDOWS\SYSTEM32\VERSION.dll
0x00007ff8732e0000 - 0x00007ff873315000 	C:\WINDOWS\SYSTEM32\WINMM.dll
0x00007ff88dad0000 - 0x00007ff88dae4000 	C:\WINDOWS\SYSTEM32\UMPDC.dll
0x00007ff88ca40000 - 0x00007ff88ca5b000 	C:\WINDOWS\SYSTEM32\kernel.appcore.dll
0x00007ff888da0000 - 0x00007ff888daa000 	C:\Program Files\Java\jdk-24\bin\jimage.dll
0x00007ff87c770000 - 0x00007ff87c9b2000 	C:\WINDOWS\SYSTEM32\DBGHELP.DLL
0x00007ff88f880000 - 0x00007ff88fc06000 	C:\WINDOWS\System32\combase.dll
0x00007ff890410000 - 0x00007ff8904e6000 	C:\WINDOWS\System32\OLEAUT32.dll
0x00007ff85c960000 - 0x00007ff85c99c000 	C:\WINDOWS\SYSTEM32\dbgcore.DLL
0x00007ff88de00000 - 0x00007ff88dea5000 	C:\WINDOWS\System32\bcryptPrimitives.dll
0x00007ff888d70000 - 0x00007ff888d7f000 	C:\Program Files\Java\jdk-24\bin\instrument.dll
0x00007ff888d80000 - 0x00007ff888d9e000 	C:\Program Files\Java\jdk-24\bin\java.dll
0x00007ff88f6e0000 - 0x00007ff88f877000 	C:\WINDOWS\System32\ole32.dll
0x00007ff88eb40000 - 0x00007ff88f293000 	C:\WINDOWS\System32\SHELL32.dll
0x00007ff88e030000 - 0x00007ff88e19a000 	C:\WINDOWS\System32\wintypes.dll
0x00007ff88b870000 - 0x00007ff88c0ce000 	C:\WINDOWS\SYSTEM32\windows.storage.dll
0x00007ff890310000 - 0x00007ff890404000 	C:\WINDOWS\System32\SHCORE.dll
0x00007ff88fc60000 - 0x00007ff88fcc6000 	C:\WINDOWS\System32\shlwapi.dll
0x00007ff88dbb0000 - 0x00007ff88dbd9000 	C:\WINDOWS\SYSTEM32\profapi.dll
0x00007ff85df60000 - 0x00007ff85e037000 	C:\Program Files\Java\jdk-24\bin\jsvml.dll
0x00007ff888240000 - 0x00007ff888257000 	C:\Program Files\Java\jdk-24\bin\zip.dll
0x00007ff888d40000 - 0x00007ff888d50000 	C:\Program Files\Java\jdk-24\bin\net.dll
0x00007ff88cfb0000 - 0x00007ff88d01b000 	C:\WINDOWS\system32\mswsock.dll
0x00007ff888cd0000 - 0x00007ff888ce6000 	C:\Program Files\Java\jdk-24\bin\nio.dll
0x00007ff888d30000 - 0x00007ff888d39000 	C:\Program Files\Java\jdk-24\bin\extnet.dll
0x00000265cde30000 - 0x00000265cde33000 	C:\Users\User\.openjfx\cache\21+31\amd64\api-ms-win-core-console-l1-1-0.dll
0x00000265cde40000 - 0x00000265cde43000 	C:\Users\User\.openjfx\cache\21+31\amd64\api-ms-win-core-console-l1-2-0.dll
0x00000265cde50000 - 0x00000265cde53000 	C:\Users\User\.openjfx\cache\21+31\amd64\api-ms-win-core-datetime-l1-1-0.dll
0x00000265cde60000 - 0x00000265cde63000 	C:\Users\User\.openjfx\cache\21+31\amd64\api-ms-win-core-debug-l1-1-0.dll
0x00000265cde70000 - 0x00000265cde73000 	C:\Users\User\.openjfx\cache\21+31\amd64\api-ms-win-core-errorhandling-l1-1-0.dll
0x00000265cde80000 - 0x00000265cde84000 	C:\Users\User\.openjfx\cache\21+31\amd64\api-ms-win-core-file-l1-1-0.dll
0x00000265cde90000 - 0x00000265cde93000 	C:\Users\User\.openjfx\cache\21+31\amd64\api-ms-win-core-file-l1-2-0.dll
0x00000265cdea0000 - 0x00000265cdea3000 	C:\Users\User\.openjfx\cache\21+31\amd64\api-ms-win-core-file-l2-1-0.dll
0x00000265cdeb0000 - 0x00000265cdeb3000 	C:\Users\User\.openjfx\cache\21+31\amd64\api-ms-win-core-handle-l1-1-0.dll
0x00000265cdec0000 - 0x00000265cdec3000 	C:\Users\User\.openjfx\cache\21+31\amd64\api-ms-win-core-heap-l1-1-0.dll
0x00000265cded0000 - 0x00000265cded3000 	C:\Users\User\.openjfx\cache\21+31\amd64\api-ms-win-core-interlocked-l1-1-0.dll
0x00000265cdee0000 - 0x00000265cdee3000 	C:\Users\User\.openjfx\cache\21+31\amd64\api-ms-win-core-libraryloader-l1-1-0.dll
0x00000265cdef0000 - 0x00000265cdef3000 	C:\Users\User\.openjfx\cache\21+31\amd64\api-ms-win-core-localization-l1-2-0.dll
0x00000265cdf00000 - 0x00000265cdf03000 	C:\Users\User\.openjfx\cache\21+31\amd64\api-ms-win-core-memory-l1-1-0.dll
0x00000265cdf10000 - 0x00000265cdf13000 	C:\Users\User\.openjfx\cache\21+31\amd64\api-ms-win-core-namedpipe-l1-1-0.dll
0x00000265cdf20000 - 0x00000265cdf23000 	C:\Users\User\.openjfx\cache\21+31\amd64\api-ms-win-core-processenvironment-l1-1-0.dll
0x00000265cdf30000 - 0x00000265cdf33000 	C:\Users\User\.openjfx\cache\21+31\amd64\api-ms-win-core-processthreads-l1-1-0.dll
0x00000265cdf40000 - 0x00000265cdf43000 	C:\Users\User\.openjfx\cache\21+31\amd64\api-ms-win-core-processthreads-l1-1-1.dll
0x00000265cdf50000 - 0x00000265cdf53000 	C:\Users\User\.openjfx\cache\21+31\amd64\api-ms-win-core-profile-l1-1-0.dll
0x00000265cdf60000 - 0x00000265cdf63000 	C:\Users\User\.openjfx\cache\21+31\amd64\api-ms-win-core-rtlsupport-l1-1-0.dll
0x00000265cdf70000 - 0x00000265cdf73000 	C:\Users\User\.openjfx\cache\21+31\amd64\api-ms-win-core-string-l1-1-0.dll
0x00000265cdf80000 - 0x00000265cdf83000 	C:\Users\User\.openjfx\cache\21+31\amd64\api-ms-win-core-synch-l1-1-0.dll
0x00000265cdf90000 - 0x00000265cdf93000 	C:\Users\User\.openjfx\cache\21+31\amd64\api-ms-win-core-synch-l1-2-0.dll
0x00000265cdfa0000 - 0x00000265cdfa3000 	C:\Users\User\.openjfx\cache\21+31\amd64\api-ms-win-core-sysinfo-l1-1-0.dll
0x00000265cdfb0000 - 0x00000265cdfb3000 	C:\Users\User\.openjfx\cache\21+31\amd64\api-ms-win-core-timezone-l1-1-0.dll
0x00000265cdfc0000 - 0x00000265cdfc3000 	C:\Users\User\.openjfx\cache\21+31\amd64\api-ms-win-core-util-l1-1-0.dll
0x00000265cdfd0000 - 0x00000265cdfd3000 	C:\Users\User\.openjfx\cache\21+31\amd64\api-ms-win-crt-conio-l1-1-0.dll
0x00000265cdfe0000 - 0x00000265cdfe4000 	C:\Users\User\.openjfx\cache\21+31\amd64\api-ms-win-crt-convert-l1-1-0.dll
0x00000265cdff0000 - 0x00000265cdff3000 	C:\Users\User\.openjfx\cache\21+31\amd64\api-ms-win-crt-environment-l1-1-0.dll
0x00000266147d0000 - 0x00000266147d3000 	C:\Users\User\.openjfx\cache\21+31\amd64\api-ms-win-crt-filesystem-l1-1-0.dll
0x00000266147e0000 - 0x00000266147e3000 	C:\Users\User\.openjfx\cache\21+31\amd64\api-ms-win-crt-heap-l1-1-0.dll
0x00000266147f0000 - 0x00000266147f3000 	C:\Users\User\.openjfx\cache\21+31\amd64\api-ms-win-crt-locale-l1-1-0.dll
0x0000026614800000 - 0x0000026614805000 	C:\Users\User\.openjfx\cache\21+31\amd64\api-ms-win-crt-math-l1-1-0.dll
0x0000026614810000 - 0x0000026614815000 	C:\Users\User\.openjfx\cache\21+31\amd64\api-ms-win-crt-multibyte-l1-1-0.dll
0x0000026614820000 - 0x0000026614830000 	C:\Users\User\.openjfx\cache\21+31\amd64\api-ms-win-crt-private-l1-1-0.dll
0x0000026614830000 - 0x0000026614833000 	C:\Users\User\.openjfx\cache\21+31\amd64\api-ms-win-crt-process-l1-1-0.dll
0x0000026614840000 - 0x0000026614844000 	C:\Users\User\.openjfx\cache\21+31\amd64\api-ms-win-crt-runtime-l1-1-0.dll
0x0000026614850000 - 0x0000026614854000 	C:\Users\User\.openjfx\cache\21+31\amd64\api-ms-win-crt-stdio-l1-1-0.dll
0x0000026614860000 - 0x0000026614864000 	C:\Users\User\.openjfx\cache\21+31\amd64\api-ms-win-crt-string-l1-1-0.dll
0x0000026614870000 - 0x0000026614873000 	C:\Users\User\.openjfx\cache\21+31\amd64\api-ms-win-crt-time-l1-1-0.dll
0x0000026614880000 - 0x0000026614883000 	C:\Users\User\.openjfx\cache\21+31\amd64\api-ms-win-crt-utility-l1-1-0.dll
0x00007ff82b110000 - 0x00007ff82b20c000 	C:\Users\User\.openjfx\cache\21+31\amd64\ucrtbase.dll
0x00007ff886ba0000 - 0x00007ff886bbb000 	C:\Users\User\.openjfx\cache\21+31\amd64\vcruntime140.dll
0x00007ff886b90000 - 0x00007ff886b9c000 	C:\Users\User\.openjfx\cache\21+31\amd64\vcruntime140_1.dll
0x00007ff850070000 - 0x00007ff8500fe000 	C:\Users\User\.openjfx\cache\21+31\amd64\msvcp140.dll
0x00007ff87ce20000 - 0x00007ff87ce29000 	C:\Users\User\.openjfx\cache\21+31\amd64\msvcp140_1.dll
0x00007ff86a0a0000 - 0x00007ff86a0cf000 	C:\Users\User\.openjfx\cache\21+31\amd64\msvcp140_2.dll
0x00007ff860fd0000 - 0x00007ff860fff000 	C:\Users\User\.openjfx\cache\21+31\amd64\prism_d3d.dll
0x00007ff8149b0000 - 0x00007ff814b63000 	C:\WINDOWS\system32\d3d9.dll
0x00007ff88b1c0000 - 0x00007ff88b1f0000 	C:\WINDOWS\SYSTEM32\dwmapi.dll
0x00007ff88aff0000 - 0x00007ff88b034000 	C:\WINDOWS\SYSTEM32\dxcore.dll
0x00007ff88af20000 - 0x00007ff88afcb000 	C:\WINDOWS\system32\uxtheme.dll
0x00007ff88d7d0000 - 0x00007ff88d827000 	C:\WINDOWS\SYSTEM32\cfgmgr32.dll
0x00007ff887fd0000 - 0x00007ff888033000 	C:\WINDOWS\SYSTEM32\directxdatabasehelper.dll
0x00007ff857ae0000 - 0x00007ff857b22000 	C:\Users\User\.openjfx\cache\21+31\amd64\glass.dll
0x00007ff8907a0000 - 0x00007ff890890000 	C:\WINDOWS\System32\COMDLG32.dll
0x00007ff890160000 - 0x00007ff8902be000 	C:\WINDOWS\System32\MSCTF.dll
0x00007ff87ce10000 - 0x00007ff87ce20000 	C:\Program Files\Java\jdk-24\bin\verify.dll
0x00007ff88d270000 - 0x00007ff88d28b000 	C:\WINDOWS\SYSTEM32\CRYPTSP.dll
0x00007ff88c980000 - 0x00007ff88c9ba000 	C:\WINDOWS\system32\rsaenh.dll
0x00007ff88d060000 - 0x00007ff88d08b000 	C:\WINDOWS\SYSTEM32\USERENV.dll
0x00007ff88db80000 - 0x00007ff88dbaa000 	C:\WINDOWS\SYSTEM32\bcrypt.dll
0x00007ff88d290000 - 0x00007ff88d29c000 	C:\WINDOWS\SYSTEM32\CRYPTBASE.dll
0x00007ff88c450000 - 0x00007ff88c484000 	C:\WINDOWS\SYSTEM32\IPHLPAPI.DLL
0x00007ff88fc50000 - 0x00007ff88fc5a000 	C:\WINDOWS\System32\NSI.dll
0x00007ff88c4f0000 - 0x00007ff88c61c000 	C:\WINDOWS\SYSTEM32\DNSAPI.dll
0x00007ff876bb0000 - 0x00007ff876bbb000 	C:\Windows\System32\rasadhlp.dll
0x00007ff881b10000 - 0x00007ff881b96000 	C:\WINDOWS\System32\fwpuclnt.dll
0x00007ff888200000 - 0x00007ff88820a000 	C:\Program Files\Java\jdk-24\bin\management.dll
0x00007ff886bd0000 - 0x00007ff886bdb000 	C:\Program Files\Java\jdk-24\bin\management_ext.dll
0x00007ff88e8e0000 - 0x00007ff88e8e8000 	C:\WINDOWS\System32\PSAPI.DLL
0x00007ff860850000 - 0x00007ff860864000 	C:\Users\User\.openjfx\cache\21+31\amd64\javafx_font.dll
0x00007ff8896a0000 - 0x00007ff889907000 	C:\WINDOWS\SYSTEM32\dwrite.dll
0x00007ff85deb0000 - 0x00007ff85dedd000 	C:\Users\User\.openjfx\cache\21+31\amd64\javafx_iio.dll
0x00007ff890650000 - 0x00007ff890700000 	C:\WINDOWS\System32\clbcatq.dll
0x00007ff888fd0000 - 0x00007ff889200000 	C:\WINDOWS\SYSTEM32\WindowsCodecs.dll
0x00007ff877fa0000 - 0x00007ff877ffa000 	C:\WINDOWS\system32\dataexchange.dll
0x00007ff880f10000 - 0x00007ff881154000 	C:\WINDOWS\system32\twinapi.appcore.dll
0x00007ff84fea0000 - 0x00007ff84fecc000 	C:\Program Files\Common Files\Microsoft Shared\Ink\rtscom.dll
0x00007ff864080000 - 0x00007ff8641c8000 	C:\WINDOWS\SYSTEM32\textinputframework.dll

JVMTI agents:
C:\Program Files\JetBrains\IntelliJ IDEA Community Edition 2025.2.1\lib\idea_rt.jar path:C:\Program Files\Java\jdk-24\bin\instrument.dll, loaded, initialized, instrumentlib options:53998

dbghelp: loaded successfully - version: 4.0.5 - missing functions: none
symbol engine: initialized successfully - sym options: 0x614 - pdb path: .;C:\Program Files\Java\jdk-24\bin;C:\WINDOWS\SYSTEM32;C:\WINDOWS\WinSxS\amd64_microsoft.windows.common-controls_6595b64144ccf1df_6.0.26100.7309_none_3e05feeae336a044;C:\Program Files\Java\jdk-24\bin\server;C:\Users\User\.openjfx\cache\21+31\amd64;C:\WINDOWS\System32\DriverStore\FileRepository\iigd_dch.inf_amd64_7ecf8d2b2b8c53e8;C:\Program Files\Common Files\Microsoft Shared\Ink

VM Arguments:
jvm_args: -javaagent:C:\Program Files\JetBrains\IntelliJ IDEA Community Edition 2025.2.1\lib\idea_rt.jar=53998 -Dfile.encoding=UTF-8 -Dsun.stdout.encoding=UTF-8 -Dsun.stderr.encoding=UTF-8 
java_command: com.pi.grafos.Main
java_class_path (initial): C:\Users\User\IdeaProjects\sos-rota-emergency-dispatch\target\classes;C:\Users\User\.m2\repository\org\springframework\boot\spring-boot-starter-data-jpa\3.5.7\spring-boot-starter-data-jpa-3.5.7.jar;C:\Users\User\.m2\repository\org\springframework\boot\spring-boot-starter\3.5.7\spring-boot-starter-3.5.7.jar;C:\Users\User\.m2\repository\org\springframework\boot\spring-boot-starter-logging\3.5.7\spring-boot-starter-logging-3.5.7.jar;C:\Users\User\.m2\repository\ch\qos\logback\logback-classic\1.5.20\logback-classic-1.5.20.jar;C:\Users\User\.m2\repository\ch\qos\logback\logback-core\1.5.20\logback-core-1.5.20.jar;C:\Users\User\.m2\repository\org\apache\logging\log4j\log4j-to-slf4j\2.24.3\log4j-to-slf4j-2.24.3.jar;C:\Users\User\.m2\repository\org\apache\logging\log4j\log4j-api\2.24.3\log4j-api-2.24.3.jar;C:\Users\User\.m2\repository\org\slf4j\jul-to-slf4j\2.0.17\jul-to-slf4j-2.0.17.jar;C:\Users\User\.m2\repository\jakarta\annotation\jakarta.annotation-api\2.1.1\jakarta.annotation-api-2.1.1.jar;C:\Users\User\.m2\repository\org\yaml\snakeyaml\2.4\snakeyaml-2.4.jar;C:\Users\User\.m2\repository\org\springframework\boot\spring-boot-starter-jdbc\3.5.7\spring-boot-starter-jdbc-3.5.7.jar;C:\Users\User\.m2\repository\com\zaxxer\HikariCP\6.3.3\HikariCP-6.3.3.jar;C:\Users\User\.m2\repository\org\springframework\spring-jdbc\6.2.12\spring-jdbc-6.2.12.jar;C:\Users\User\.m2\repository\org\hibernate\orm\hibernate-core\6.6.33.Final\hibernate-core-6.6.33.Final.jar;C:\Users\User\.m2\repository\jakarta\persistence\jakarta.persistence-api\3.1.0\jakarta.persistence-api-3.1.0.jar;C:\Users\User\.m2\repository\jakarta\transaction\jakarta.transaction-api\2.0.1\jakarta.transaction-api-2.0.1.jar;C:\Users\User\.m2\repository\org\jboss\logging\jboss-logging\3.6.1.Final\jboss-logging-3.6.1.Final.jar;C:\Users\User\.m2\repository\org\hibernate\common\hibernate-commons-annotations\7.0.3.Final\hibernate-commons-annotations-7.0.3.Final.jar;C:\Users\User\.m2\repository\io\smallrye\jandex\3.2.0\jandex-3.2.0.jar;C:\Users\User\.m2\repository\com\fasterxml\classmate\1.7.1\classmate-1.7.1.jar;C:\Users\User\.m2\repository\net\bytebuddy\byte-buddy\1.17.8\byte-buddy-1.17.8.jar;C:\Users\User\.m2\repository\org\glassfish\jaxb\jaxb-runtime\4.0.6\jaxb-runtime-4.0.6.jar;C:\Users\User\.m2\repository\org\glassfish\jaxb\jaxb-core\4.0.6\jaxb-core-4.0.6.jar;C:\Users\User\.m2\repository\org\eclipse\angus\angus-activation\2.0.3\angus-activation-2.0.3.jar;C:\Users\User\.m2\repository\org\glassfish\jaxb\txw2\4.0.6\txw2-4.0.6.jar;C:\Users\User\.m2\repository\com\sun\istack\istack-commons-runtime\4.1.2\istack-commons-runtime-4.1.2.jar;C:\Users\User\.m2\repository\jakarta\inject\jakarta.inject-api\2.0.1\jakarta.inject-api-2.0.1.jar;C:\Users\User\.m2\repository\org\antlr\antlr4-runtime\4.13.0\antlr4-runtime-4.13.0.jar;C:\Users\User\.m2\repository\org\springframework\data\spring-data-jpa\3.5.5\spring-data-jpa-3.5.5.jar;C:\Users\User\.m2\repository\org\springframework\data\spring-data-commons\3.5.5\spring-data-commons-3.5.5.jar;C:\Users\User\.m2\repository\org\springframework\spring-orm\6.2.12\spring-orm-6.2.12.jar;C:\Users\User\.m2\repository\org\springframework\spring-context\6.2.12\spring-context-6.2.12.jar;C:\Users\User\.m2\repository\io\micrometer\micrometer-observation\1.15.5\micrometer-observation-1.15.5.jar;C:\Users\User\.m2\repository\io\micrometer\micrometer-commons\1.15.5\micrometer-commons-1.15.5.jar;C:\Users\User\.m2\repository\org\springframework\spring-tx\6.2.12\spring-tx-6.2.12.jar;C:\Users\User\.m2\repository\org\springframework\spring-beans\6.2.12\spring-beans-6.2.12.jar;C:\Users\User\.m2\repository\org\slf4j\slf4j-api\2.0.17\slf4j-api-2.0.17.jar;C:\Users\User\.m2\repository\org\springframework\spring-aspects\6.2.12\spring-aspects-6.2.12.jar;C:\Users\User\.m2\repository\org\aspectj\aspectjweaver\1.9.24\aspectjweaver-1.9.24.jar;C:\Users\User\.m2\repository\com\opencsv\opencsv\5.7.1\opencsv-5.7.1.jar;C:\Users\User\.m2\repository\org\apache\commons\commons-lang3\3.17.0\commons-lang3-3.17.0.jar;C:\Users\User\.m2\repository\org\apache\commons\commons-text\1.10.0\commons-text-1.10.0.jar;C:\Users\User\.m2\repository\commons-beanutils\commons-beanutils\1.9.4\commons-beanutils-1.9.4.jar;C:\Users\User\.m2\repository\commons-logging\commons-logging\1.2\commons-logging-1.2.jar;C:\Users\User\.m2\repository\commons-collections\commons-collections\3.2.2\commons-collections-3.2.2.jar;C:\Users\User\.m2\repository\org\apache\commons\commons-collections4\4.4\commons-collections4-4.4.jar;C:\Users\User\.m2\repository\org\springframework\boot\spring-boot-starter-security\3.5.7\spring-boot-starter-security-3.5.7.jar;C:\Users\User\.m2\repository\org\springframework\spring-aop\6.2.12\spring-aop-6.2.12.jar;C:\Users\User\.m2\repository\org\springframework\security\spring-security-config\6.5.6\spring-security-config-6.5.6.jar;C:\Users\User\.m2\repository\org\springframework\security\spring-security-core\6.5.6\spring-security-core-6.5.6.jar;C:\Users\User\.m2\repository\org\springframework\security\spring-security-crypto\6.5.6\spring-security-crypto-6.5.6.jar;C:\Users\User\.m2\repository\org\springframework\security\spring-security-web\6.5.6\spring-security-web-6.5.6.jar;C:\Users\User\.m2\repository\org\springframework\spring-expression\6.2.12\spring-expression-6.2.12.jar;C:\Users\User\.m2\repository\org\springframework\spring-web\6.2.12\spring-web-6.2.12.jar;C:\Users\User\.m2\repository\org\springframework\boot\spring-boot-devtools\3.5.7\spring-boot-devtools-3.5.7.jar;C:\Users\User\.m2\repository\org\springframework\boot\spring-boot\3.5.7\spring-boot-3.5.7.jar;C:\Users\User\.m2\repository\org\springframework\boot\spring-boot-autoconfigure\3.5.7\spring-boot-autoconfigure-3.5.7.jar;C:\Users\User\.m2\repository\org\postgresql\postgresql\42.7.8\postgresql-42.7.8.jar;C:\Users\User\.m2\repository\org\checkerframework\checker-qual\3.49.5\checker-qual-3.49.5.jar;C:\Users\User\.m2\repository\org\projectlombok\lombok\1.18.42\lombok-1.18.42.jar;C:\Users\User\.m2\repository\jakarta\xml\bind\jakarta.xml.bind-api\4.0.4\jakarta.xml.bind-api-4.0.4.jar;C:\Users\User\.m2\repository\jakarta\activation\jakarta.activation-api\2.1.4\jakarta.activation-api-2.1.4.jar;C:\Users\User\.m2\repository\org\springframework\spring-core\6.2.12\spring-core-6.2.12.jar;C:\Users\User\.m2\repository\org\springframework\spring-jcl\6.2.12\spring-jcl-6.2.12.jar;C:\Users\User\.m2\repository\org\openjfx\javafx-controls\21\javafx-controls-21.jar;C:\Users\User\.m2\repository\org\openjfx\javafx-controls\21\javafx-controls-21-win.jar;C:\Users\User\.m2\repository\org\openjfx\javafx-graphics\21\javafx-graphics-21.jar;C:\Users\User\.m2\repository\org\openjfx\javafx-graphics\21\javafx-graphics-21-win.jar;C:\Users\User\.m2\repository\org\openjfx\javafx-base\21\javafx-base-21.jar;C:\Users\User\.m2\repository\org\openjfx\javafx-base\21\javafx-base-21-win.jar;C:\Users\User\.m2\repository\org\openjfx\javafx-fxml\21\javafx-fxml-21.jar;C:\Users\User\.m2\repository\org\openjfx\javafx-fxml\21\javafx-fxml-21-win.jar
Launcher Type: SUN_STANDARD

[Global flags]
     intx CICompilerCount                          = 4                                         {product} {ergonomic}
     uint ConcGCThreads                            = 2                                         {product} {ergonomic}
     uint G1ConcRefinementThreads                  = 8                                         {product} {ergonomic}
   size_t G1HeapRegionSize                         = 1048576                                   {product} {ergonomic}
   size_t InitialHeapSize                          = 134217728                                 {product} {ergonomic}
   size_t MarkStackSize                            = 4194304                                   {product} {ergonomic}
   size_t MarkStackSizeMax                         = 536870912                                 {product} {ergonomic}
   size_t MaxHeapSize                              = 2116026368                                {product} {ergonomic}
   size_t MaxNewSize                               = 1268776960                                {product} {ergonomic}
   size_t MinHeapDeltaBytes                        = 1048576                                   {product} {ergonomic}
   size_t MinHeapSize                              = 8388608                                   {product} {ergonomic}
    uintx NonNMethodCodeHeapSize                   = 5832704                                {pd product} {ergonomic}
    uintx NonProfiledCodeHeapSize                  = 122945536                              {pd product} {ergonomic}
    uintx ProfiledCodeHeapSize                     = 122880000                              {pd product} {ergonomic}
    uintx ReservedCodeCacheSize                    = 251658240                              {pd product} {ergonomic}
     bool SegmentedCodeCache                       = true                                      {product} {ergonomic}
   size_t SoftMaxHeapSize                          = 2116026368                             {manageable} {ergonomic}
     bool UseCompressedOops                        = true                           {product lp64_product} {ergonomic}
     bool UseG1GC                                  = true                                      {product} {ergonomic}
     bool UseLargePagesIndividualAllocation        = false                                  {pd product} {ergonomic}

Logging:
Log output configuration:
 #0: stdout all=off uptime,level,tags foldmultilines=false
 #1: stderr all=off uptime,level,tags foldmultilines=false

Environment Variables:
PATH=C:\Program Files\Common Files\Oracle\Java\javapath;C:\Program Files (x86)\Common Files\Oracle\Java\java8path;C:\Program Files (x86)\Common Files\Oracle\Java\javapath;C:\WINDOWS\system32;C:\WINDOWS;C:\WINDOWS\System32\Wbem;C:\WINDOWS\System32\WindowsPowerShell\v1.0\;C:\WINDOWS\System32\OpenSSH\;C:\Program Files\dotnet\;C:\Program Files\Docker\Docker\resources\bin;C:\Program Files\Git\cmd;C:\Program Files\nodejs\;C:\Users\User\AppData\Local\Microsoft\WindowsApps;C:\Users\User\AppData\Local\Programs\Microsoft VS Code\bin;C:\Users\User\AppData\Roaming\npm;
USERNAME=User
OS=Windows_NT
PROCESSOR_IDENTIFIER=Intel64 Family 6 Model 142 Stepping 12, GenuineIntel
TMP=C:\Users\User\AppData\Local\Temp
TEMP=C:\Users\User\AppData\Local\Temp




Periodic native trim disabled

---------------  S Y S T E M  ---------------

OS:
 Windows 11 , 64 bit Build 26100 (10.0.26100.7309)
OS uptime: 0 days 2:20 hours
Hyper-V role detected

CPU: total 8 (initial active 8) (4 cores per cpu, 2 threads per core) family 6 model 142 stepping 12 microcode 0xf8, cx8, cmov, fxsr, ht, mmx, 3dnowpref, sse, sse2, sse3, ssse3, sse4.1, sse4.2, popcnt, lzcnt, tsc, tscinvbit, avx, avx2, aes, erms, clmul, bmi1, bmi2, adx, fma, vzeroupper, clflush, clflushopt, hv, rdtscp, f16c
Processor Information for the first 8 processors :
  Max Mhz: 1992, Current Mhz: 1792, Mhz Limit: 1792

Memory: 4k page, system-wide physical 8067M (854M free)
TotalPageFile size 14723M (AvailPageFile size 2922M)
current process WorkingSet (physical memory assigned to process): 624M, peak: 868M
current process commit charge ("private bytes"): 649M, peak: 912M

vm_info: Java HotSpot(TM) 64-Bit Server VM (24.0.2+12-54) for windows-amd64 JRE (24.0.2+12-54), built on 2025-07-08T12:10:27Z with MS VC++ 17.6 (VS2022)

END.
